time,latitude,longitude,tasmax_mam
UTC,degrees_north,degrees_east,K
2030-01-01T12:00:00Z,-48.83524347,90.0,1.0696106
2030-01-01T12:00:00Z,-48.83524347,92.8125,1.0311584
2030-01-01T12:00:00Z,-48.83524347,95.625,0.9992676
2030-01-01T12:00:00Z,-48.83524347,98.4375,0.95129395
2030-01-01T12:00:00Z,-48.83524347,101.25,0.90426636
2030-01-01T12:00:00Z,-48.83524347,104.0625,0.9082947
2030-01-01T12:00:00Z,-48.83524347,106.875,0.90008545
2030-01-01T12:00:00Z,-48.83524347,109.6875,0.86026
2030-01-01T12:00:00Z,-48.83524347,112.5,0.8000183
2030-01-01T12:00:00Z,-48.83524347,115.3125,0.7593689
2030-01-01T12:00:00Z,-48.83524347,118.125,0.7149353
2030-01-01T12:00:00Z,-48.83524347,120.9375,0.6638489
2030-01-01T12:00:00Z,-48.83524347,123.75,0.6765442
2030-01-01T12:00:00Z,-48.83524347,126.5625,0.7067871
2030-01-01T12:00:00Z,-48.83524347,129.375,0.6981201
2030-01-01T12:00:00Z,-48.83524347,132.1875,0.70718384
2030-01-01T12:00:00Z,-48.83524347,135.0,0.7232666
2030-01-01T12:00:00Z,-48.83524347,137.8125,0.7487793
2030-01-01T12:00:00Z,-48.83524347,140.625,0.7717285
2030-01-01T12:00:00Z,-48.83524347,143.4375,0.77401733
2030-01-01T12:00:00Z,-48.83524347,146.25,0.7633362
2030-01-01T12:00:00Z,-48.83524347,149.0625,0.7857971
2030-01-01T12:00:00Z,-48.83524347,151.875,0.8119812
2030-01-01T12:00:00Z,-48.83524347,154.6875,0.8459778
2030-01-01T12:00:00Z,-48.83524347,157.5,0.875885
2030-01-01T12:00:00Z,-48.83524347,160.3125,0.89398193
2030-01-01T12:00:00Z,-48.83524347,163.125,0.9419861
2030-01-01T12:00:00Z,-48.83524347,165.9375,0.9942322
2030-01-01T12:00:00Z,-48.83524347,168.75,1.0365906
2030-01-01T12:00:00Z,-48.83524347,171.5625,1.0180664
2030-01-01T12:00:00Z,-48.83524347,174.375,0.9678955
2030-01-01T12:00:00Z,-48.83524347,177.1875,0.9376221
2030-01-01T12:00:00Z,-48.83524347,180.0,0.9521179
2030-01-01T12:00:00Z,-46.04472914,90.0,1.0661316
2030-01-01T12:00:00Z,-46.04472914,92.8125,1.0279541
2030-01-01T12:00:00Z,-46.04472914,95.625,0.98010254
2030-01-01T12:00:00Z,-46.04472914,98.4375,0.9282837
2030-01-01T12:00:00Z,-46.04472914,101.25,0.9151306
2030-01-01T12:00:00Z,-46.04472914,104.0625,0.9447632
2030-01-01T12:00:00Z,-46.04472914,106.875,0.95977783
2030-01-01T12:00:00Z,-46.04472914,109.6875,0.93429565
2030-01-01T12:00:00Z,-46.04472914,112.5,0.8730774
2030-01-01T12:00:00Z,-46.04472914,115.3125,0.81307983
2030-01-01T12:00:00Z,-46.04472914,118.125,0.7752991
2030-01-01T12:00:00Z,-46.04472914,120.9375,0.7480469
2030-01-01T12:00:00Z,-46.04472914,123.75,0.7706299
2030-01-01T12:00:00Z,-46.04472914,126.5625,0.7751465
2030-01-01T12:00:00Z,-46.04472914,129.375,0.7952881
2030-01-01T12:00:00Z,-46.04472914,132.1875,0.79293823
2030-01-01T12:00:00Z,-46.04472914,135.0,0.7940979
2030-01-01T12:00:00Z,-46.04472914,137.8125,0.8130493
2030-01-01T12:00:00Z,-46.04472914,140.625,0.83999634
2030-01-01T12:00:00Z,-46.04472914,143.4375,0.8456726
2030-01-01T12:00:00Z,-46.04472914,146.25,0.88201904
2030-01-01T12:00:00Z,-46.04472914,149.0625,0.98321533
2030-01-01T12:00:00Z,-46.04472914,151.875,1.0382996
2030-01-01T12:00:00Z,-46.04472914,154.6875,1.0403442
2030-01-01T12:00:00Z,-46.04472914,157.5,1.0332947
2030-01-01T12:00:00Z,-46.04472914,160.3125,1.0857239
2030-01-01T12:00:00Z,-46.04472914,163.125,1.1623535
2030-01-01T12:00:00Z,-46.04472914,165.9375,1.2236938
2030-01-01T12:00:00Z,-46.04472914,168.75,1.2194824
2030-01-01T12:00:00Z,-46.04472914,171.5625,1.1669922
2030-01-01T12:00:00Z,-46.04472914,174.375,1.1477661
2030-01-01T12:00:00Z,-46.04472914,177.1875,1.1376343
2030-01-01T12:00:00Z,-46.04472914,180.0,1.1813049
2030-01-01T12:00:00Z,-43.25419717,90.0,1.0323181
2030-01-01T12:00:00Z,-43.25419717,92.8125,1.0128479
2030-01-01T12:00:00Z,-43.25419717,95.625,0.9763489
2030-01-01T12:00:00Z,-43.25419717,98.4375,0.9543152
2030-01-01T12:00:00Z,-43.25419717,101.25,0.97210693
2030-01-01T12:00:00Z,-43.25419717,104.0625,0.9970703
2030-01-01T12:00:00Z,-43.25419717,106.875,1.0198364
2030-01-01T12:00:00Z,-43.25419717,109.6875,0.99957275
2030-01-01T12:00:00Z,-43.25419717,112.5,0.941803
2030-01-01T12:00:00Z,-43.25419717,115.3125,0.89593506
2030-01-01T12:00:00Z,-43.25419717,118.125,0.8755493
2030-01-01T12:00:00Z,-43.25419717,120.9375,0.85913086
2030-01-01T12:00:00Z,-43.25419717,123.75,0.8403015
2030-01-01T12:00:00Z,-43.25419717,126.5625,0.8234558
2030-01-01T12:00:00Z,-43.25419717,129.375,0.84799194
2030-01-01T12:00:00Z,-43.25419717,132.1875,0.85687256
2030-01-01T12:00:00Z,-43.25419717,135.0,0.8545532
2030-01-01T12:00:00Z,-43.25419717,137.8125,0.8465271
2030-01-01T12:00:00Z,-43.25419717,140.625,0.81015015
2030-01-01T12:00:00Z,-43.25419717,143.4375,0.8396301
2030-01-01T12:00:00Z,-43.25419717,146.25,1.0415955
2030-01-01T12:00:00Z,-43.25419717,149.0625,1.4333801
2030-01-01T12:00:00Z,-43.25419717,151.875,1.5691833
2030-01-01T12:00:00Z,-43.25419717,154.6875,1.4146118
2030-01-01T12:00:00Z,-43.25419717,157.5,1.327179
2030-01-01T12:00:00Z,-43.25419717,160.3125,1.3452454
2030-01-01T12:00:00Z,-43.25419717,163.125,1.3884583
2030-01-01T12:00:00Z,-43.25419717,165.9375,1.4239197
2030-01-01T12:00:00Z,-43.25419717,168.75,1.4549866
2030-01-01T12:00:00Z,-43.25419717,171.5625,1.4402771
2030-01-01T12:00:00Z,-43.25419717,174.375,1.3398438
2030-01-01T12:00:00Z,-43.25419717,177.1875,1.3798218
2030-01-01T12:00:00Z,-43.25419717,180.0,1.4641418
2030-01-01T12:00:00Z,-40.46365068,90.0,0.981781
2030-01-01T12:00:00Z,-40.46365068,92.8125,0.98843384
2030-01-01T12:00:00Z,-40.46365068,95.625,0.99938965
2030-01-01T12:00:00Z,-40.46365068,98.4375,1.0295715
2030-01-01T12:00:00Z,-40.46365068,101.25,1.0487671
2030-01-01T12:00:00Z,-40.46365068,104.0625,1.0586853
2030-01-01T12:00:00Z,-40.46365068,106.875,1.0709839
2030-01-01T12:00:00Z,-40.46365068,109.6875,1.0796204
2030-01-01T12:00:00Z,-40.46365068,112.5,1.0525208
2030-01-01T12:00:00Z,-40.46365068,115.3125,1.0048828
2030-01-01T12:00:00Z,-40.46365068,118.125,0.95632935
2030-01-01T12:00:00Z,-40.46365068,120.9375,0.90789795
2030-01-01T12:00:00Z,-40.46365068,123.75,0.89630127
2030-01-01T12:00:00Z,-40.46365068,126.5625,0.89733887
2030-01-01T12:00:00Z,-40.46365068,129.375,0.88220215
2030-01-01T12:00:00Z,-40.46365068,132.1875,0.8432007
2030-01-01T12:00:00Z,-40.46365068,135.0,0.8168335
2030-01-01T12:00:00Z,-40.46365068,137.8125,0.79400635
2030-01-01T12:00:00Z,-40.46365068,140.625,0.8166504
2030-01-01T12:00:00Z,-40.46365068,143.4375,0.8948364
2030-01-01T12:00:00Z,-40.46365068,146.25,1.114624
2030-01-01T12:00:00Z,-40.46365068,149.0625,1.3514404
2030-01-01T12:00:00Z,-40.46365068,151.875,1.7874756
2030-01-01T12:00:00Z,-40.46365068,154.6875,1.8175964
2030-01-01T12:00:00Z,-40.46365068,157.5,1.5554504
2030-01-01T12:00:00Z,-40.46365068,160.3125,1.5274048
2030-01-01T12:00:00Z,-40.46365068,163.125,1.5216064
2030-01-01T12:00:00Z,-40.46365068,165.9375,1.5479736
2030-01-01T12:00:00Z,-40.46365068,168.75,1.585022
2030-01-01T12:00:00Z,-40.46365068,171.5625,1.6100769
2030-01-01T12:00:00Z,-40.46365068,174.375,1.7649536
2030-01-01T12:00:00Z,-40.46365068,177.1875,1.4811401
2030-01-01T12:00:00Z,-40.46365068,180.0,1.3460083
2030-01-01T12:00:00Z,-37.67309213,90.0,0.9769287
2030-01-01T12:00:00Z,-37.67309213,92.8125,1.0284729
2030-01-01T12:00:00Z,-37.67309213,95.625,1.0831299
2030-01-01T12:00:00Z,-37.67309213,98.4375,1.1006165
2030-01-01T12:00:00Z,-37.67309213,101.25,1.1102905
2030-01-01T12:00:00Z,-37.67309213,104.0625,1.1169434
2030-01-01T12:00:00Z,-37.67309213,106.875,1.1279297
2030-01-01T12:00:00Z,-37.67309213,109.6875,1.1148682
2030-01-01T12:00:00Z,-37.67309213,112.5,1.0243835
2030-01-01T12:00:00Z,-37.67309213,115.3125,0.8866577
2030-01-01T12:00:00Z,-37.67309213,118.125,0.8451538
2030-01-01T12:00:00Z,-37.67309213,120.9375,0.8677063
2030-01-01T12:00:00Z,-37.67309213,123.75,0.8735657
2030-01-01T12:00:00Z,-37.67309213,126.5625,0.9098511
2030-01-01T12:00:00Z,-37.67309213,129.375,0.86608887
2030-01-01T12:00:00Z,-37.67309213,132.1875,0.7357483
2030-01-01T12:00:00Z,-37.67309213,135.0,0.71990967
2030-01-01T12:00:00Z,-37.67309213,137.8125,0.75167847
2030-01-01T12:00:00Z,-37.67309213,140.625,1.3403625
2030-01-01T12:00:00Z,-37.67309213,143.4375,1.4298401
2030-01-01T12:00:00Z,-37.67309213,146.25,1.1393738
2030-01-01T12:00:00Z,-37.67309213,149.0625,1.0683899
2030-01-01T12:00:00Z,-37.67309213,151.875,1.6311646
2030-01-01T12:00:00Z,-37.67309213,154.6875,1.7941895
2030-01-01T12:00:00Z,-37.67309213,157.5,1.6729431
2030-01-01T12:00:00Z,-37.67309213,160.3125,1.5628967
2030-01-01T12:00:00Z,-37.67309213,163.125,1.5582275
2030-01-01T12:00:00Z,-37.67309213,165.9375,1.5797119
2030-01-01T12:00:00Z,-37.67309213,168.75,1.6042175
2030-01-01T12:00:00Z,-37.67309213,171.5625,1.6240234
2030-01-01T12:00:00Z,-37.67309213,174.375,1.5861511
2030-01-01T12:00:00Z,-37.67309213,177.1875,1.6585083
2030-01-01T12:00:00Z,-37.67309213,180.0,1.2692566
2030-01-01T12:00:00Z,-34.8825235,90.0,1.0697632
2030-01-01T12:00:00Z,-34.8825235,92.8125,1.1089478
2030-01-01T12:00:00Z,-34.8825235,95.625,1.1236877
2030-01-01T12:00:00Z,-34.8825235,98.4375,1.1470337
2030-01-01T12:00:00Z,-34.8825235,101.25,1.1205139
2030-01-01T12:00:00Z,-34.8825235,104.0625,1.0679016
2030-01-01T12:00:00Z,-34.8825235,106.875,1.052887
2030-01-01T12:00:00Z,-34.8825235,109.6875,0.98373413
2030-01-01T12:00:00Z,-34.8825235,112.5,0.87039185
2030-01-01T12:00:00Z,-34.8825235,115.3125,0.93618774
2030-01-01T12:00:00Z,-34.8825235,118.125,1.5323181
2030-01-01T12:00:00Z,-34.8825235,120.9375,1.037323
2030-01-01T12:00:00Z,-34.8825235,123.75,0.97372437
2030-01-01T12:00:00Z,-34.8825235,126.5625,0.9338379
2030-01-01T12:00:00Z,-34.8825235,129.375,0.75546265
2030-01-01T12:00:00Z,-34.8825235,132.1875,0.710083
2030-01-01T12:00:00Z,-34.8825235,135.0,0.8731384
2030-01-01T12:00:00Z,-34.8825235,137.8125,1.3955078
2030-01-01T12:00:00Z,-34.8825235,140.625,1.7416382
2030-01-01T12:00:00Z,-34.8825235,143.4375,1.604248
2030-01-01T12:00:00Z,-34.8825235,146.25,1.3205261
2030-01-01T12:00:00Z,-34.8825235,149.0625,1.1057739
2030-01-01T12:00:00Z,-34.8825235,151.875,1.604126
2030-01-01T12:00:00Z,-34.8825235,154.6875,1.5903625
2030-01-01T12:00:00Z,-34.8825235,157.5,1.4877625
2030-01-01T12:00:00Z,-34.8825235,160.3125,1.4580994
2030-01-01T12:00:00Z,-34.8825235,163.125,1.4866638
2030-01-01T12:00:00Z,-34.8825235,165.9375,1.476593
2030-01-01T12:00:00Z,-34.8825235,168.75,1.5030212
2030-01-01T12:00:00Z,-34.8825235,171.5625,1.5164795
2030-01-01T12:00:00Z,-34.8825235,174.375,1.3749695
2030-01-01T12:00:00Z,-34.8825235,177.1875,1.2756653
2030-01-01T12:00:00Z,-34.8825235,180.0,1.1694641
2030-01-01T12:00:00Z,-32.09194639,90.0,1.0016785
2030-01-01T12:00:00Z,-32.09194639,92.8125,1.0072327
2030-01-01T12:00:00Z,-32.09194639,95.625,0.9829712
2030-01-01T12:00:00Z,-32.09194639,98.4375,0.99108887
2030-01-01T12:00:00Z,-32.09194639,101.25,0.9788208
2030-01-01T12:00:00Z,-32.09194639,104.0625,0.8915405
2030-01-01T12:00:00Z,-32.09194639,106.875,0.89382935
2030-01-01T12:00:00Z,-32.09194639,109.6875,0.87423706
2030-01-01T12:00:00Z,-32.09194639,112.5,0.9004822
2030-01-01T12:00:00Z,-32.09194639,115.3125,1.1966858
2030-01-01T12:00:00Z,-32.09194639,118.125,2.4821472
2030-01-01T12:00:00Z,-32.09194639,120.9375,2.2365112
2030-01-01T12:00:00Z,-32.09194639,123.75,1.9133301
2030-01-01T12:00:00Z,-32.09194639,126.5625,1.5059204
2030-01-01T12:00:00Z,-32.09194639,129.375,0.960083
2030-01-01T12:00:00Z,-32.09194639,132.1875,0.9204407
2030-01-01T12:00:00Z,-32.09194639,135.0,1.5957947
2030-01-01T12:00:00Z,-32.09194639,137.8125,1.8517151
2030-01-01T12:00:00Z,-32.09194639,140.625,1.9371948
2030-01-01T12:00:00Z,-32.09194639,143.4375,1.8560181
2030-01-01T12:00:00Z,-32.09194639,146.25,1.2718811
2030-01-01T12:00:00Z,-32.09194639,149.0625,1.006958
2030-01-01T12:00:00Z,-32.09194639,151.875,1.454956
2030-01-01T12:00:00Z,-32.09194639,154.6875,1.3424072
2030-01-01T12:00:00Z,-32.09194639,157.5,1.2424316
2030-01-01T12:00:00Z,-32.09194639,160.3125,1.2415161
2030-01-01T12:00:00Z,-32.09194639,163.125,1.2315674
2030-01-01T12:00:00Z,-32.09194639,165.9375,1.2345276
2030-01-01T12:00:00Z,-32.09194639,168.75,1.2529297
2030-01-01T12:00:00Z,-32.09194639,171.5625,1.2275696
2030-01-01T12:00:00Z,-32.09194639,174.375,1.1730347
2030-01-01T12:00:00Z,-32.09194639,177.1875,1.1846313
2030-01-01T12:00:00Z,-32.09194639,180.0,1.1526794
2030-01-01T12:00:00Z,-29.30136213,90.0,0.7920227
2030-01-01T12:00:00Z,-29.30136213,92.8125,0.80181885
2030-01-01T12:00:00Z,-29.30136213,95.625,0.785553
2030-01-01T12:00:00Z,-29.30136213,98.4375,0.8110962
2030-01-01T12:00:00Z,-29.30136213,101.25,0.87216187
2030-01-01T12:00:00Z,-29.30136213,104.0625,0.92581177
2030-01-01T12:00:00Z,-29.30136213,106.875,0.92529297
2030-01-01T12:00:00Z,-29.30136213,109.6875,0.9049072
2030-01-01T12:00:00Z,-29.30136213,112.5,1.1032104
2030-01-01T12:00:00Z,-29.30136213,115.3125,2.3792725
2030-01-01T12:00:00Z,-29.30136213,118.125,2.5970154
2030-01-01T12:00:00Z,-29.30136213,120.9375,2.3831482
2030-01-01T12:00:00Z,-29.30136213,123.75,2.5397644
2030-01-01T12:00:00Z,-29.30136213,126.5625,2.4537964
2030-01-01T12:00:00Z,-29.30136213,129.375,2.2503357
2030-01-01T12:00:00Z,-29.30136213,132.1875,2.0943298
2030-01-01T12:00:00Z,-29.30136213,135.0,1.9252625
2030-01-01T12:00:00Z,-29.30136213,137.8125,1.8214111
2030-01-01T12:00:00Z,-29.30136213,140.625,1.9512024
2030-01-01T12:00:00Z,-29.30136213,143.4375,1.8306274
2030-01-01T12:00:00Z,-29.30136213,146.25,1.5192261
2030-01-01T12:00:00Z,-29.30136213,149.0625,1.5686951
2030-01-01T12:00:00Z,-29.30136213,151.875,1.6658936
2030-01-01T12:00:00Z,-29.30136213,154.6875,1.2487793
2030-01-01T12:00:00Z,-29.30136213,157.5,1.1539307
2030-01-01T12:00:00Z,-29.30136213,160.3125,1.2001343
2030-01-01T12:00:00Z,-29.30136213,163.125,1.2346191
2030-01-01T12:00:00Z,-29.30136213,165.9375,1.248352
2030-01-01T12:00:00Z,-29.30136213,168.75,1.2624512
2030-01-01T12:00:00Z,-29.30136213,171.5625,1.2352295
2030-01-01T12:00:00Z,-29.30136213,174.375,1.2101746
2030-01-01T12:00:00Z,-29.30136213,177.1875,1.2240906
2030-01-01T12:00:00Z,-29.30136213,180.0,1.2306213
2030-01-01T12:00:00Z,-26.51077183,90.0,0.84432983
2030-01-01T12:00:00Z,-26.51077183,92.8125,0.88449097
2030-01-01T12:00:00Z,-26.51077183,95.625,0.894928
2030-01-01T12:00:00Z,-26.51077183,98.4375,0.94085693
2030-01-01T12:00:00Z,-26.51077183,101.25,0.9692383
2030-01-01T12:00:00Z,-26.51077183,104.0625,0.943573
2030-01-01T12:00:00Z,-26.51077183,106.875,0.9208069
2030-01-01T12:00:00Z,-26.51077183,109.6875,0.8717346
2030-01-01T12:00:00Z,-26.51077183,112.5,1.1564026
2030-01-01T12:00:00Z,-26.51077183,115.3125,3.0778503
2030-01-01T12:00:00Z,-26.51077183,118.125,3.2448425
2030-01-01T12:00:00Z,-26.51077183,120.9375,3.4682922
2030-01-01T12:00:00Z,-26.51077183,123.75,3.4496765
2030-01-01T12:00:00Z,-26.51077183,126.5625,2.7361755
2030-01-01T12:00:00Z,-26.51077183,129.375,2.347229
2030-01-01T12:00:00Z,-26.51077183,132.1875,2.3650208
2030-01-01T12:00:00Z,-26.51077183,135.0,2.0038757
2030-01-01T12:00:00Z,-26.51077183,137.8125,1.9453735
2030-01-01T12:00:00Z,-26.51077183,140.625,1.999115
2030-01-01T12:00:00Z,-26.51077183,143.4375,1.9238281
2030-01-01T12:00:00Z,-26.51077183,146.25,1.8214111
2030-01-01T12:00:00Z,-26.51077183,149.0625,1.9577942
2030-01-01T12:00:00Z,-26.51077183,151.875,1.6802368
2030-01-01T12:00:00Z,-26.51077183,154.6875,1.2164307
2030-01-01T12:00:00Z,-26.51077183,157.5,1.1831055
2030-01-01T12:00:00Z,-26.51077183,160.3125,1.2729492
2030-01-01T12:00:00Z,-26.51077183,163.125,1.2878418
2030-01-01T12:00:00Z,-26.51077183,165.9375,1.2627563
2030-01-01T12:00:00Z,-26.51077183,168.75,1.2265625
2030-01-01T12:00:00Z,-26.51077183,171.5625,1.1766357
2030-01-01T12:00:00Z,-26.51077183,174.375,1.144989
2030-01-01T12:00:00Z,-26.51077183,177.1875,1.1414185
2030-01-01T12:00:00Z,-26.51077183,180.0,1.134613
2030-01-01T12:00:00Z,-23.72017644,90.0,0.95474243
2030-01-01T12:00:00Z,-23.72017644,92.8125,0.99224854
2030-01-01T12:00:00Z,-23.72017644,95.625,0.98651123
2030-01-01T12:00:00Z,-23.72017644,98.4375,0.9736023
2030-01-01T12:00:00Z,-23.72017644,101.25,0.9763794
2030-01-01T12:00:00Z,-23.72017644,104.0625,0.9898987
2030-01-01T12:00:00Z,-23.72017644,106.875,0.98321533
2030-01-01T12:00:00Z,-23.72017644,109.6875,0.8711853
2030-01-01T12:00:00Z,-23.72017644,112.5,1.0512085
2030-01-01T12:00:00Z,-23.72017644,115.3125,2.9317932
2030-01-01T12:00:00Z,-23.72017644,118.125,3.1308289
2030-01-01T12:00:00Z,-23.72017644,120.9375,3.0480042
2030-01-01T12:00:00Z,-23.72017644,123.75,2.7251282
2030-01-01T12:00:00Z,-23.72017644,126.5625,2.1473389
2030-01-01T12:00:00Z,-23.72017644,129.375,2.179016
2030-01-01T12:00:00Z,-23.72017644,132.1875,2.2105408
2030-01-01T12:00:00Z,-23.72017644,135.0,2.0124817
2030-01-01T12:00:00Z,-23.72017644,137.8125,1.8001404
2030-01-01T12:00:00Z,-23.72017644,140.625,1.9030762
2030-01-01T12:00:00Z,-23.72017644,143.4375,1.9298706
2030-01-01T12:00:00Z,-23.72017644,146.25,1.6360474
2030-01-01T12:00:00Z,-23.72017644,149.0625,1.4162292
2030-01-01T12:00:00Z,-23.72017644,151.875,1.191864
2030-01-01T12:00:00Z,-23.72017644,154.6875,1.210022
2030-01-01T12:00:00Z,-23.72017644,157.5,1.2287903
2030-01-01T12:00:00Z,-23.72017644,160.3125,1.2481384
2030-01-01T12:00:00Z,-23.72017644,163.125,1.2149353
2030-01-01T12:00:00Z,-23.72017644,165.9375,1.1786804
2030-01-01T12:00:00Z,-23.72017644,168.75,1.1486511
2030-01-01T12:00:00Z,-23.72017644,171.5625,1.1068726
2030-01-01T12:00:00Z,-23.72017644,174.375,1.1129456
2030-01-01T12:00:00Z,-23.72017644,177.1875,1.1425171
2030-01-01T12:00:00Z,-23.72017644,180.0,1.1368713
2030-01-01T12:00:00Z,-20.92957676,90.0,0.9630127
2030-01-01T12:00:00Z,-20.92957676,92.8125,0.9708252
2030-01-01T12:00:00Z,-20.92957676,95.625,0.9763489
2030-01-01T12:00:00Z,-20.92957676,98.4375,0.98934937
2030-01-01T12:00:00Z,-20.92957676,101.25,1.0281372
2030-01-01T12:00:00Z,-20.92957676,104.0625,1.058258
2030-01-01T12:00:00Z,-20.92957676,106.875,1.0474854
2030-01-01T12:00:00Z,-20.92957676,109.6875,0.9807129
2030-01-01T12:00:00Z,-20.92957676,112.5,0.9996948
2030-01-01T12:00:00Z,-20.92957676,115.3125,1.3535767
2030-01-01T12:00:00Z,-20.92957676,118.125,2.703064
2030-01-01T12:00:00Z,-20.92957676,120.9375,2.3860168
2030-01-01T12:00:00Z,-20.92957676,123.75,2.1001282
2030-01-01T12:00:00Z,-20.92957676,126.5625,1.9303284
2030-01-01T12:00:00Z,-20.92957676,129.375,2.2210999
2030-01-01T12:00:00Z,-20.92957676,132.1875,1.7724915
2030-01-01T12:00:00Z,-20.92957676,135.0,1.5731201
2030-01-01T12:00:00Z,-20.92957676,137.8125,1.6568909
2030-01-01T12:00:00Z,-20.92957676,140.625,1.8494568
2030-01-01T12:00:00Z,-20.92957676,143.4375,2.0451355
2030-01-01T12:00:00Z,-20.92957676,146.25,1.3898926
2030-01-01T12:00:00Z,-20.92957676,149.0625,1.2557678
2030-01-01T12:00:00Z,-20.92957676,151.875,1.1027527
2030-01-01T12:00:00Z,-20.92957676,154.6875,1.1536255
2030-01-01T12:00:00Z,-20.92957676,157.5,1.158905
2030-01-01T12:00:00Z,-20.92957676,160.3125,1.1352234
2030-01-01T12:00:00Z,-20.92957676,163.125,1.1168518
2030-01-01T12:00:00Z,-20.92957676,165.9375,1.1210327
2030-01-01T12:00:00Z,-20.92957676,168.75,1.1001282
2030-01-01T12:00:00Z,-20.92957676,171.5625,1.1172485
2030-01-01T12:00:00Z,-20.92957676,174.375,1.1617126
2030-01-01T12:00:00Z,-20.92957676,177.1875,1.1712952
2030-01-01T12:00:00Z,-20.92957676,180.0,1.1359863
2030-01-01T12:00:00Z,-18.13897349,90.0,0.9291687
2030-01-01T12:00:00Z,-18.13897349,92.8125,0.9561157
2030-01-01T12:00:00Z,-18.13897349,95.625,1.0122681
2030-01-01T12:00:00Z,-18.13897349,98.4375,1.0430298
2030-01-01T12:00:00Z,-18.13897349,101.25,1.0810852
2030-01-01T12:00:00Z,-18.13897349,104.0625,1.0793762
2030-01-01T12:00:00Z,-18.13897349,106.875,1.0748901
2030-01-01T12:00:00Z,-18.13897349,109.6875,1.0826721
2030-01-01T12:00:00Z,-18.13897349,112.5,1.0798645
2030-01-01T12:00:00Z,-18.13897349,115.3125,1.1519165
2030-01-01T12:00:00Z,-18.13897349,118.125,1.1775818
2030-01-01T12:00:00Z,-18.13897349,120.9375,1.2075806
2030-01-01T12:00:00Z,-18.13897349,123.75,1.9099121
2030-01-01T12:00:00Z,-18.13897349,126.5625,1.6691589
2030-01-01T12:00:00Z,-18.13897349,129.375,1.2677307
2030-01-01T12:00:00Z,-18.13897349,132.1875,1.128418
2030-01-01T12:00:00Z,-18.13897349,135.0,1.3829346
2030-01-01T12:00:00Z,-18.13897349,137.8125,1.5359192
2030-01-01T12:00:00Z,-18.13897349,140.625,1.3993225
2030-01-01T12:00:00Z,-18.13897349,143.4375,1.2920532
2030-01-01T12:00:00Z,-18.13897349,146.25,1.1332092
2030-01-01T12:00:00Z,-18.13897349,149.0625,1.1278687
2030-01-01T12:00:00Z,-18.13897349,151.875,1.1231079
2030-01-01T12:00:00Z,-18.13897349,154.6875,1.1003113
2030-01-01T12:00:00Z,-18.13897349,157.5,1.0805054
2030-01-01T12:00:00Z,-18.13897349,160.3125,1.0672913
2030-01-01T12:00:00Z,-18.13897349,163.125,1.064209
2030-01-01T12:00:00Z,-18.13897349,165.9375,1.0466309
2030-01-01T12:00:00Z,-18.13897349,168.75,1.0287781
2030-01-01T12:00:00Z,-18.13897349,171.5625,1.0475769
2030-01-01T12:00:00Z,-18.13897349,174.375,1.0924377
2030-01-01T12:00:00Z,-18.13897349,177.1875,1.1021729
2030-01-01T12:00:00Z,-18.13897349,180.0,1.0688477
2030-01-01T12:00:00Z,-15.34836726,90.0,0.9596863
2030-01-01T12:00:00Z,-15.34836726,92.8125,0.9796753
2030-01-01T12:00:00Z,-15.34836726,95.625,1.0245056
2030-01-01T12:00:00Z,-15.34836726,98.4375,1.0317383
2030-01-01T12:00:00Z,-15.34836726,101.25,1.0484314
2030-01-01T12:00:00Z,-15.34836726,104.0625,1.0343018
2030-01-01T12:00:00Z,-15.34836726,106.875,1.0400391
2030-01-01T12:00:00Z,-15.34836726,109.6875,1.0860596
2030-01-01T12:00:00Z,-15.34836726,112.5,1.1132812
2030-01-01T12:00:00Z,-15.34836726,115.3125,1.1575317
2030-01-01T12:00:00Z,-15.34836726,118.125,1.1321106
2030-01-01T12:00:00Z,-15.34836726,120.9375,1.0930176
2030-01-01T12:00:00Z,-15.34836726,123.75,1.0891418
2030-01-01T12:00:00Z,-15.34836726,126.5625,1.2068787
2030-01-01T12:00:00Z,-15.34836726,129.375,0.99194336
2030-01-01T12:00:00Z,-15.34836726,132.1875,1.0744934
2030-01-01T12:00:00Z,-15.34836726,135.0,1.4568176
2030-01-01T12:00:00Z,-15.34836726,137.8125,1.1469421
2030-01-01T12:00:00Z,-15.34836726,140.625,1.1730652
2030-01-01T12:00:00Z,-15.34836726,143.4375,1.4145203
2030-01-01T12:00:00Z,-15.34836726,146.25,1.0938416
2030-01-01T12:00:00Z,-15.34836726,149.0625,1.0867615
2030-01-01T12:00:00Z,-15.34836726,151.875,1.0722656
2030-01-01T12:00:00Z,-15.34836726,154.6875,1.0532837
2030-01-01T12:00:00Z,-15.34836726,157.5,1.0763245
2030-01-01T12:00:00Z,-15.34836726,160.3125,1.0754395
2030-01-01T12:00:00Z,-15.34836726,163.125,1.048645
2030-01-01T12:00:00Z,-15.34836726,165.9375,0.99768066
2030-01-01T12:00:00Z,-15.34836726,168.75,0.98428345
2030-01-01T12:00:00Z,-15.34836726,171.5625,0.98461914
2030-01-01T12:00:00Z,-15.34836726,174.375,0.993927
2030-01-01T12:00:00Z,-15.34836726,177.1875,1.0100708
2030-01-01T12:00:00Z,-15.34836726,180.0,0.9946594
2030-01-01T12:00:00Z,-12.55775862,90.0,0.94781494
2030-01-01T12:00:00Z,-12.55775862,92.8125,0.9712219
2030-01-01T12:00:00Z,-12.55775862,95.625,0.9847107
2030-01-01T12:00:00Z,-12.55775862,98.4375,0.98217773
2030-01-01T12:00:00Z,-12.55775862,101.25,1.0042725
2030-01-01T12:00:00Z,-12.55775862,104.0625,1.0222778
2030-01-01T12:00:00Z,-12.55775862,106.875,1.0422974
2030-01-01T12:00:00Z,-12.55775862,109.6875,1.0784302
2030-01-01T12:00:00Z,-12.55775862,112.5,1.0708618
2030-01-01T12:00:00Z,-12.55775862,115.3125,1.0809631
2030-01-01T12:00:00Z,-12.55775862,118.125,1.1208191
2030-01-01T12:00:00Z,-12.55775862,120.9375,1.1083679
2030-01-01T12:00:00Z,-12.55775862,123.75,1.1212769
2030-01-01T12:00:00Z,-12.55775862,126.5625,1.1669006
2030-01-01T12:00:00Z,-12.55775862,129.375,1.3259583
2030-01-01T12:00:00Z,-12.55775862,132.1875,1.9111023
2030-01-01T12:00:00Z,-12.55775862,135.0,1.1781311
2030-01-01T12:00:00Z,-12.55775862,137.8125,1.1594543
2030-01-01T12:00:00Z,-12.55775862,140.625,1.2141418
2030-01-01T12:00:00Z,-12.55775862,143.4375,1.6426086
2030-01-01T12:00:00Z,-12.55775862,146.25,1.1076965
2030-01-01T12:00:00Z,-12.55775862,149.0625,1.0892029
2030-01-01T12:00:00Z,-12.55775862,151.875,1.0894165
2030-01-01T12:00:00Z,-12.55775862,154.6875,1.046875
2030-01-01T12:00:00Z,-12.55775862,157.5,1.0740051
2030-01-01T12:00:00Z,-12.55775862,160.3125,1.0752258
2030-01-01T12:00:00Z,-12.55775862,163.125,1.0458679
2030-01-01T12:00:00Z,-12.55775862,165.9375,0.99575806
2030-01-01T12:00:00Z,-12.55775862,168.75,0.9836731
2030-01-01T12:00:00Z,-12.55775862,171.5625,0.97940063
2030-01-01T12:00:00Z,-12.55775862,174.375,0.94259644
2030-01-01T12:00:00Z,-12.55775862,177.1875,0.9164429
2030-01-01T12:00:00Z,-12.55775862,180.0,0.8892212
2030-01-01T12:00:00Z,-9.76714806,90.0,1.0158997
2030-01-01T12:00:00Z,-9.76714806,92.8125,1.0188599
2030-01-01T12:00:00Z,-9.76714806,95.625,0.9955139
2030-01-01T12:00:00Z,-9.76714806,98.4375,0.9885864
2030-01-01T12:00:00Z,-9.76714806,101.25,0.9864197
2030-01-01T12:00:00Z,-9.76714806,104.0625,0.993042
2030-01-01T12:00:00Z,-9.76714806,106.875,1.0167847
2030-01-01T12:00:00Z,-9.76714806,109.6875,1.0504456
2030-01-01T12:00:00Z,-9.76714806,112.5,1.0583191
2030-01-01T12:00:00Z,-9.76714806,115.3125,1.040863
2030-01-01T12:00:00Z,-9.76714806,118.125,1.0428162
2030-01-01T12:00:00Z,-9.76714806,120.9375,1.0345764
2030-01-01T12:00:00Z,-9.76714806,123.75,1.0771484
2030-01-01T12:00:00Z,-9.76714806,126.5625,1.1052551
2030-01-01T12:00:00Z,-9.76714806,129.375,1.1744995
2030-01-01T12:00:00Z,-9.76714806,132.1875,1.170227
2030-01-01T12:00:00Z,-9.76714806,135.0,1.0566711
2030-01-01T12:00:00Z,-9.76714806,137.8125,1.128479
2030-01-01T12:00:00Z,-9.76714806,140.625,1.2985535
2030-01-01T12:00:00Z,-9.76714806,143.4375,1.7177429
2030-01-01T12:00:00Z,-9.76714806,146.25,1.1151123
2030-01-01T12:00:00Z,-9.76714806,149.0625,1.0451355
2030-01-01T12:00:00Z,-9.76714806,151.875,0.9918823
2030-01-01T12:00:00Z,-9.76714806,154.6875,0.9859009
2030-01-01T12:00:00Z,-9.76714806,157.5,1.0334778
2030-01-01T12:00:00Z,-9.76714806,160.3125,1.0364685
2030-01-01T12:00:00Z,-9.76714806,163.125,1.0067444
2030-01-01T12:00:00Z,-9.76714806,165.9375,0.9706726
2030-01-01T12:00:00Z,-9.76714806,168.75,0.9503479
2030-01-01T12:00:00Z,-9.76714806,171.5625,0.9328613
2030-01-01T12:00:00Z,-9.76714806,174.375,0.90527344
2030-01-01T12:00:00Z,-9.76714806,177.1875,0.867218
2030-01-01T12:00:00Z,-9.76714806,180.0,0.8625183
2030-01-01T12:00:00Z,-6.97653606,90.0,1.0925903
2030-01-01T12:00:00Z,-6.97653606,92.8125,1.0791626
2030-01-01T12:00:00Z,-6.97653606,95.625,1.0715027
2030-01-01T12:00:00Z,-6.97653606,98.4375,1.0566711
2030-01-01T12:00:00Z,-6.97653606,101.25,1.0379028
2030-01-01T12:00:00Z,-6.97653606,104.0625,1.0540161
2030-01-01T12:00:00Z,-6.97653606,106.875,1.2261047
2030-01-01T12:00:00Z,-6.97653606,109.6875,1.0148315
2030-01-01T12:00:00Z,-6.97653606,112.5,1.0645447
2030-01-01T12:00:00Z,-6.97653606,115.3125,1.0461121
2030-01-01T12:00:00Z,-6.97653606,118.125,1.0186768
2030-01-01T12:00:00Z,-6.97653606,120.9375,0.98880005
2030-01-01T12:00:00Z,-6.97653606,123.75,1.03125
2030-01-01T12:00:00Z,-6.97653606,126.5625,1.0309448
2030-01-01T12:00:00Z,-6.97653606,129.375,1.0371704
2030-01-01T12:00:00Z,-6.97653606,132.1875,1.0462646
2030-01-01T12:00:00Z,-6.97653606,135.0,1.0450745
2030-01-01T12:00:00Z,-6.97653606,137.8125,1.0744629
2030-01-01T12:00:00Z,-6.97653606,140.625,1.4068298
2030-01-01T12:00:00Z,-6.97653606,143.4375,1.307251
2030-01-01T12:00:00Z,-6.97653606,146.25,1.1144409
2030-01-01T12:00:00Z,-6.97653606,149.0625,0.94595337
2030-01-01T12:00:00Z,-6.97653606,151.875,0.94070435
2030-01-01T12:00:00Z,-6.97653606,154.6875,0.9619751
2030-01-01T12:00:00Z,-6.97653606,157.5,0.9795227
2030-01-01T12:00:00Z,-6.97653606,160.3125,0.93344116
2030-01-01T12:00:00Z,-6.97653606,163.125,0.9311218
2030-01-01T12:00:00Z,-6.97653606,165.9375,0.92297363
2030-01-01T12:00:00Z,-6.97653606,168.75,0.8961792
2030-01-01T12:00:00Z,-6.97653606,171.5625,0.8744507
2030-01-01T12:00:00Z,-6.97653606,174.375,0.85931396
2030-01-01T12:00:00Z,-6.97653606,177.1875,0.86624146
2030-01-01T12:00:00Z,-6.97653606,180.0,0.8818054
2030-01-01T12:00:00Z,-4.18592304,90.0,1.1064148
2030-01-01T12:00:00Z,-4.18592304,92.8125,1.0886536
2030-01-01T12:00:00Z,-4.18592304,95.625,1.11026
2030-01-01T12:00:00Z,-4.18592304,98.4375,1.0931091
2030-01-01T12:00:00Z,-4.18592304,101.25,1.0754089
2030-01-01T12:00:00Z,-4.18592304,104.0625,1.34552
2030-01-01T12:00:00Z,-4.18592304,106.875,1.3708801
2030-01-01T12:00:00Z,-4.18592304,109.6875,1.0157471
2030-01-01T12:00:00Z,-4.18592304,112.5,1.0301208
2030-01-01T12:00:00Z,-4.18592304,115.3125,1.048584
2030-01-01T12:00:00Z,-4.18592304,118.125,1.0315552
2030-01-01T12:00:00Z,-4.18592304,120.9375,1.1681519
2030-01-01T12:00:00Z,-4.18592304,123.75,0.9945984
2030-01-01T12:00:00Z,-4.18592304,126.5625,1.0435791
2030-01-01T12:00:00Z,-4.18592304,129.375,1.0562744
2030-01-01T12:00:00Z,-4.18592304,132.1875,1.0118103
2030-01-01T12:00:00Z,-4.18592304,135.0,1.1204834
2030-01-01T12:00:00Z,-4.18592304,137.8125,1.0802612
2030-01-01T12:00:00Z,-4.18592304,140.625,1.02594
2030-01-01T12:00:00Z,-4.18592304,143.4375,1.0424805
2030-01-01T12:00:00Z,-4.18592304,146.25,1.0169373
2030-01-01T12:00:00Z,-4.18592304,149.0625,0.93136597
2030-01-01T12:00:00Z,-4.18592304,151.875,0.941864
2030-01-01T12:00:00Z,-4.18592304,154.6875,0.96118164
2030-01-01T12:00:00Z,-4.18592304,157.5,0.9645386
2030-01-01T12:00:00Z,-4.18592304,160.3125,0.96469116
2030-01-01T12:00:00Z,-4.18592304,163.125,0.98883057
2030-01-01T12:00:00Z,-4.18592304,165.9375,1.0228271
2030-01-01T12:00:00Z,-4.18592304,168.75,1.0436401
2030-01-01T12:00:00Z,-4.18592304,171.5625,1.043335
2030-01-01T12:00:00Z,-4.18592304,174.375,1.0395508
2030-01-01T12:00:00Z,-4.18592304,177.1875,1.0382385
2030-01-01T12:00:00Z,-4.18592304,180.0,1.0530701
2030-01-01T12:00:00Z,-1.39530942,90.0,1.1187439
2030-01-01T12:00:00Z,-1.39530942,92.8125,1.095398
2030-01-01T12:00:00Z,-1.39530942,95.625,1.0666809
2030-01-01T12:00:00Z,-1.39530942,98.4375,1.0136719
2030-01-01T12:00:00Z,-1.39530942,101.25,1.3897705
2030-01-01T12:00:00Z,-1.39530942,104.0625,1.4409485
2030-01-01T12:00:00Z,-1.39530942,106.875,1.3959961
2030-01-01T12:00:00Z,-1.39530942,109.6875,1.3433533
2030-01-01T12:00:00Z,-1.39530942,112.5,1.058136
2030-01-01T12:00:00Z,-1.39530942,115.3125,1.2746887
2030-01-01T12:00:00Z,-1.39530942,118.125,0.96014404
2030-01-01T12:00:00Z,-1.39530942,120.9375,0.99261475
2030-01-01T12:00:00Z,-1.39530942,123.75,1.0049133
2030-01-01T12:00:00Z,-1.39530942,126.5625,1.0397339
2030-01-01T12:00:00Z,-1.39530942,129.375,0.99816895
2030-01-01T12:00:00Z,-1.39530942,132.1875,0.9294739
2030-01-01T12:00:00Z,-1.39530942,135.0,1.0564575
2030-01-01T12:00:00Z,-1.39530942,137.8125,1.1120605
2030-01-01T12:00:00Z,-1.39530942,140.625,0.90682983
2030-01-01T12:00:00Z,-1.39530942,143.4375,0.9942932
2030-01-01T12:00:00Z,-1.39530942,146.25,0.9970703
2030-01-01T12:00:00Z,-1.39530942,149.0625,0.9852905
2030-01-01T12:00:00Z,-1.39530942,151.875,1.0063477
2030-01-01T12:00:00Z,-1.39530942,154.6875,1.0473938
2030-01-01T12:00:00Z,-1.39530942,157.5,1.091217
2030-01-01T12:00:00Z,-1.39530942,160.3125,1.1422424
2030-01-01T12:00:00Z,-1.39530942,163.125,1.2019043
2030-01-01T12:00:00Z,-1.39530942,165.9375,1.2563477
2030-01-01T12:00:00Z,-1.39530942,168.75,1.2964783
2030-01-01T12:00:00Z,-1.39530942,171.5625,1.3370056
2030-01-01T12:00:00Z,-1.39530942,174.375,1.3627625
2030-01-01T12:00:00Z,-1.39530942,177.1875,1.3897095
2030-01-01T12:00:00Z,-1.39530942,180.0,1.4205933
2030-01-01T12:00:00Z,1.39530942,90.0,1.1148376
2030-01-01T12:00:00Z,1.39530942,92.8125,1.0587769
2030-01-01T12:00:00Z,1.39530942,95.625,0.9637146
2030-01-01T12:00:00Z,1.39530942,98.4375,0.49191284
2030-01-01T12:00:00Z,1.39530942,101.25,1.3013916
2030-01-01T12:00:00Z,1.39530942,104.0625,1.3683472
2030-01-01T12:00:00Z,1.39530942,106.875,1.2121277
2030-01-01T12:00:00Z,1.39530942,109.6875,1.3247375
2030-01-01T12:00:00Z,1.39530942,112.5,1.0991516
2030-01-01T12:00:00Z,1.39530942,115.3125,1.2769775
2030-01-01T12:00:00Z,1.39530942,118.125,1.017395
2030-01-01T12:00:00Z,1.39530942,120.9375,0.98876953
2030-01-01T12:00:00Z,1.39530942,123.75,0.999115
2030-01-01T12:00:00Z,1.39530942,126.5625,1.0010071
2030-01-01T12:00:00Z,1.39530942,129.375,0.9706116
2030-01-01T12:00:00Z,1.39530942,132.1875,0.91452026
2030-01-01T12:00:00Z,1.39530942,135.0,0.89746094
2030-01-01T12:00:00Z,1.39530942,137.8125,0.91574097
2030-01-01T12:00:00Z,1.39530942,140.625,0.9335022
2030-01-01T12:00:00Z,1.39530942,143.4375,0.9403076
2030-01-01T12:00:00Z,1.39530942,146.25,0.9532471
2030-01-01T12:00:00Z,1.39530942,149.0625,0.9664917
2030-01-01T12:00:00Z,1.39530942,151.875,0.99468994
2030-01-01T12:00:00Z,1.39530942,154.6875,1.010315
2030-01-01T12:00:00Z,1.39530942,157.5,1.0256653
2030-01-01T12:00:00Z,1.39530942,160.3125,1.0431213
2030-01-01T12:00:00Z,1.39530942,163.125,1.0795288
2030-01-01T12:00:00Z,1.39530942,165.9375,1.1112976
2030-01-01T12:00:00Z,1.39530942,168.75,1.1243591
2030-01-01T12:00:00Z,1.39530942,171.5625,1.1500549
2030-01-01T12:00:00Z,1.39530942,174.375,1.1750183
2030-01-01T12:00:00Z,1.39530942,177.1875,1.2035217
2030-01-01T12:00:00Z,1.39530942,180.0,1.221344
