time,latitude,longitude,tasmin_son
UTC,degrees_north,degrees_east,K
2030-01-01T12:00:00Z,-48.83524347,90.0,0.61117554
2030-01-01T12:00:00Z,-48.83524347,92.8125,0.5699463
2030-01-01T12:00:00Z,-48.83524347,95.625,0.5649719
2030-01-01T12:00:00Z,-48.83524347,98.4375,0.5973816
2030-01-01T12:00:00Z,-48.83524347,101.25,0.61105347
2030-01-01T12:00:00Z,-48.83524347,104.0625,0.6368408
2030-01-01T12:00:00Z,-48.83524347,106.875,0.6759949
2030-01-01T12:00:00Z,-48.83524347,109.6875,0.6697998
2030-01-01T12:00:00Z,-48.83524347,112.5,0.652771
2030-01-01T12:00:00Z,-48.83524347,115.3125,0.6099243
2030-01-01T12:00:00Z,-48.83524347,118.125,0.5643921
2030-01-01T12:00:00Z,-48.83524347,120.9375,0.52246094
2030-01-01T12:00:00Z,-48.83524347,123.75,0.505249
2030-01-01T12:00:00Z,-48.83524347,126.5625,0.49987793
2030-01-01T12:00:00Z,-48.83524347,129.375,0.51052856
2030-01-01T12:00:00Z,-48.83524347,132.1875,0.5101929
2030-01-01T12:00:00Z,-48.83524347,135.0,0.51779175
2030-01-01T12:00:00Z,-48.83524347,137.8125,0.49972534
2030-01-01T12:00:00Z,-48.83524347,140.625,0.5250244
2030-01-01T12:00:00Z,-48.83524347,143.4375,0.5426636
2030-01-01T12:00:00Z,-48.83524347,146.25,0.56973267
2030-01-01T12:00:00Z,-48.83524347,149.0625,0.5783386
2030-01-01T12:00:00Z,-48.83524347,151.875,0.5984192
2030-01-01T12:00:00Z,-48.83524347,154.6875,0.6235657
2030-01-01T12:00:00Z,-48.83524347,157.5,0.6218567
2030-01-01T12:00:00Z,-48.83524347,160.3125,0.62887573
2030-01-01T12:00:00Z,-48.83524347,163.125,0.5968323
2030-01-01T12:00:00Z,-48.83524347,165.9375,0.5998535
2030-01-01T12:00:00Z,-48.83524347,168.75,0.64367676
2030-01-01T12:00:00Z,-48.83524347,171.5625,0.7312317
2030-01-01T12:00:00Z,-48.83524347,174.375,0.81274414
2030-01-01T12:00:00Z,-48.83524347,177.1875,0.86761475
2030-01-01T12:00:00Z,-48.83524347,180.0,0.90878296
2030-01-01T12:00:00Z,-46.04472914,90.0,0.63619995
2030-01-01T12:00:00Z,-46.04472914,92.8125,0.615448
2030-01-01T12:00:00Z,-46.04472914,95.625,0.6217041
2030-01-01T12:00:00Z,-46.04472914,98.4375,0.6607666
2030-01-01T12:00:00Z,-46.04472914,101.25,0.67129517
2030-01-01T12:00:00Z,-46.04472914,104.0625,0.6477661
2030-01-01T12:00:00Z,-46.04472914,106.875,0.621521
2030-01-01T12:00:00Z,-46.04472914,109.6875,0.5677185
2030-01-01T12:00:00Z,-46.04472914,112.5,0.51348877
2030-01-01T12:00:00Z,-46.04472914,115.3125,0.49609375
2030-01-01T12:00:00Z,-46.04472914,118.125,0.46524048
2030-01-01T12:00:00Z,-46.04472914,120.9375,0.46575928
2030-01-01T12:00:00Z,-46.04472914,123.75,0.49414062
2030-01-01T12:00:00Z,-46.04472914,126.5625,0.5108948
2030-01-01T12:00:00Z,-46.04472914,129.375,0.5102844
2030-01-01T12:00:00Z,-46.04472914,132.1875,0.49404907
2030-01-01T12:00:00Z,-46.04472914,135.0,0.4867859
2030-01-01T12:00:00Z,-46.04472914,137.8125,0.4776001
2030-01-01T12:00:00Z,-46.04472914,140.625,0.48138428
2030-01-01T12:00:00Z,-46.04472914,143.4375,0.5383301
2030-01-01T12:00:00Z,-46.04472914,146.25,0.6204834
2030-01-01T12:00:00Z,-46.04472914,149.0625,0.645813
2030-01-01T12:00:00Z,-46.04472914,151.875,0.65722656
2030-01-01T12:00:00Z,-46.04472914,154.6875,0.6365967
2030-01-01T12:00:00Z,-46.04472914,157.5,0.5916443
2030-01-01T12:00:00Z,-46.04472914,160.3125,0.586853
2030-01-01T12:00:00Z,-46.04472914,163.125,0.6575928
2030-01-01T12:00:00Z,-46.04472914,165.9375,0.7790222
2030-01-01T12:00:00Z,-46.04472914,168.75,0.91290283
2030-01-01T12:00:00Z,-46.04472914,171.5625,0.7963867
2030-01-01T12:00:00Z,-46.04472914,174.375,0.854187
2030-01-01T12:00:00Z,-46.04472914,177.1875,0.8529358
2030-01-01T12:00:00Z,-46.04472914,180.0,0.88116455
2030-01-01T12:00:00Z,-43.25419717,90.0,0.63778687
2030-01-01T12:00:00Z,-43.25419717,92.8125,0.60232544
2030-01-01T12:00:00Z,-43.25419717,95.625,0.57351685
2030-01-01T12:00:00Z,-43.25419717,98.4375,0.54907227
2030-01-01T12:00:00Z,-43.25419717,101.25,0.52804565
2030-01-01T12:00:00Z,-43.25419717,104.0625,0.5111389
2030-01-01T12:00:00Z,-43.25419717,106.875,0.4739685
2030-01-01T12:00:00Z,-43.25419717,109.6875,0.4350891
2030-01-01T12:00:00Z,-43.25419717,112.5,0.42199707
2030-01-01T12:00:00Z,-43.25419717,115.3125,0.41677856
2030-01-01T12:00:00Z,-43.25419717,118.125,0.42315674
2030-01-01T12:00:00Z,-43.25419717,120.9375,0.43426514
2030-01-01T12:00:00Z,-43.25419717,123.75,0.45648193
2030-01-01T12:00:00Z,-43.25419717,126.5625,0.46710205
2030-01-01T12:00:00Z,-43.25419717,129.375,0.45559692
2030-01-01T12:00:00Z,-43.25419717,132.1875,0.44839478
2030-01-01T12:00:00Z,-43.25419717,135.0,0.45248413
2030-01-01T12:00:00Z,-43.25419717,137.8125,0.45739746
2030-01-01T12:00:00Z,-43.25419717,140.625,0.45742798
2030-01-01T12:00:00Z,-43.25419717,143.4375,0.47348022
2030-01-01T12:00:00Z,-43.25419717,146.25,0.55059814
2030-01-01T12:00:00Z,-43.25419717,149.0625,0.6366272
2030-01-01T12:00:00Z,-43.25419717,151.875,0.6465454
2030-01-01T12:00:00Z,-43.25419717,154.6875,0.5800781
2030-01-01T12:00:00Z,-43.25419717,157.5,0.59924316
2030-01-01T12:00:00Z,-43.25419717,160.3125,0.6705322
2030-01-01T12:00:00Z,-43.25419717,163.125,0.7844238
2030-01-01T12:00:00Z,-43.25419717,165.9375,0.8464966
2030-01-01T12:00:00Z,-43.25419717,168.75,0.87713623
2030-01-01T12:00:00Z,-43.25419717,171.5625,1.0537109
2030-01-01T12:00:00Z,-43.25419717,174.375,0.9440918
2030-01-01T12:00:00Z,-43.25419717,177.1875,0.9859619
2030-01-01T12:00:00Z,-43.25419717,180.0,1.0266418
2030-01-01T12:00:00Z,-40.46365068,90.0,0.5527649
2030-01-01T12:00:00Z,-40.46365068,92.8125,0.5155029
2030-01-01T12:00:00Z,-40.46365068,95.625,0.4996338
2030-01-01T12:00:00Z,-40.46365068,98.4375,0.4867859
2030-01-01T12:00:00Z,-40.46365068,101.25,0.46032715
2030-01-01T12:00:00Z,-40.46365068,104.0625,0.45126343
2030-01-01T12:00:00Z,-40.46365068,106.875,0.46975708
2030-01-01T12:00:00Z,-40.46365068,109.6875,0.4624939
2030-01-01T12:00:00Z,-40.46365068,112.5,0.45159912
2030-01-01T12:00:00Z,-40.46365068,115.3125,0.44229126
2030-01-01T12:00:00Z,-40.46365068,118.125,0.4244995
2030-01-01T12:00:00Z,-40.46365068,120.9375,0.42736816
2030-01-01T12:00:00Z,-40.46365068,123.75,0.4335022
2030-01-01T12:00:00Z,-40.46365068,126.5625,0.43920898
2030-01-01T12:00:00Z,-40.46365068,129.375,0.45489502
2030-01-01T12:00:00Z,-40.46365068,132.1875,0.4427185
2030-01-01T12:00:00Z,-40.46365068,135.0,0.39126587
2030-01-01T12:00:00Z,-40.46365068,137.8125,0.37756348
2030-01-01T12:00:00Z,-40.46365068,140.625,0.36776733
2030-01-01T12:00:00Z,-40.46365068,143.4375,0.42684937
2030-01-01T12:00:00Z,-40.46365068,146.25,0.5883179
2030-01-01T12:00:00Z,-40.46365068,149.0625,0.74121094
2030-01-01T12:00:00Z,-40.46365068,151.875,0.8623657
2030-01-01T12:00:00Z,-40.46365068,154.6875,0.8680115
2030-01-01T12:00:00Z,-40.46365068,157.5,0.8224182
2030-01-01T12:00:00Z,-40.46365068,160.3125,0.89349365
2030-01-01T12:00:00Z,-40.46365068,163.125,0.9229431
2030-01-01T12:00:00Z,-40.46365068,165.9375,0.93814087
2030-01-01T12:00:00Z,-40.46365068,168.75,0.93499756
2030-01-01T12:00:00Z,-40.46365068,171.5625,0.95773315
2030-01-01T12:00:00Z,-40.46365068,174.375,1.2081299
2030-01-01T12:00:00Z,-40.46365068,177.1875,1.057251
2030-01-01T12:00:00Z,-40.46365068,180.0,0.955719
2030-01-01T12:00:00Z,-37.67309213,90.0,0.5364685
2030-01-01T12:00:00Z,-37.67309213,92.8125,0.5380554
2030-01-01T12:00:00Z,-37.67309213,95.625,0.5244446
2030-01-01T12:00:00Z,-37.67309213,98.4375,0.535614
2030-01-01T12:00:00Z,-37.67309213,101.25,0.52944946
2030-01-01T12:00:00Z,-37.67309213,104.0625,0.5183716
2030-01-01T12:00:00Z,-37.67309213,106.875,0.528595
2030-01-01T12:00:00Z,-37.67309213,109.6875,0.49621582
2030-01-01T12:00:00Z,-37.67309213,112.5,0.42401123
2030-01-01T12:00:00Z,-37.67309213,115.3125,0.3249817
2030-01-01T12:00:00Z,-37.67309213,118.125,0.29187012
2030-01-01T12:00:00Z,-37.67309213,120.9375,0.3935547
2030-01-01T12:00:00Z,-37.67309213,123.75,0.38638306
2030-01-01T12:00:00Z,-37.67309213,126.5625,0.43911743
2030-01-01T12:00:00Z,-37.67309213,129.375,0.44708252
2030-01-01T12:00:00Z,-37.67309213,132.1875,0.39419556
2030-01-01T12:00:00Z,-37.67309213,135.0,0.3828125
2030-01-01T12:00:00Z,-37.67309213,137.8125,0.4053955
2030-01-01T12:00:00Z,-37.67309213,140.625,0.18112183
2030-01-01T12:00:00Z,-37.67309213,143.4375,0.40454102
2030-01-01T12:00:00Z,-37.67309213,146.25,0.5538635
2030-01-01T12:00:00Z,-37.67309213,149.0625,0.9055481
2030-01-01T12:00:00Z,-37.67309213,151.875,1.0903931
2030-01-01T12:00:00Z,-37.67309213,154.6875,1.1486206
2030-01-01T12:00:00Z,-37.67309213,157.5,1.0508118
2030-01-01T12:00:00Z,-37.67309213,160.3125,1.0109253
2030-01-01T12:00:00Z,-37.67309213,163.125,1.0380249
2030-01-01T12:00:00Z,-37.67309213,165.9375,1.0457153
2030-01-01T12:00:00Z,-37.67309213,168.75,1.0161438
2030-01-01T12:00:00Z,-37.67309213,171.5625,0.96746826
2030-01-01T12:00:00Z,-37.67309213,174.375,0.94692993
2030-01-01T12:00:00Z,-37.67309213,177.1875,1.1560669
2030-01-01T12:00:00Z,-37.67309213,180.0,0.8657837
2030-01-01T12:00:00Z,-34.8825235,90.0,0.6210327
2030-01-01T12:00:00Z,-34.8825235,92.8125,0.63079834
2030-01-01T12:00:00Z,-34.8825235,95.625,0.6081848
2030-01-01T12:00:00Z,-34.8825235,98.4375,0.62057495
2030-01-01T12:00:00Z,-34.8825235,101.25,0.6053772
2030-01-01T12:00:00Z,-34.8825235,104.0625,0.58132935
2030-01-01T12:00:00Z,-34.8825235,106.875,0.52716064
2030-01-01T12:00:00Z,-34.8825235,109.6875,0.38119507
2030-01-01T12:00:00Z,-34.8825235,112.5,0.29083252
2030-01-01T12:00:00Z,-34.8825235,115.3125,0.40090942
2030-01-01T12:00:00Z,-34.8825235,118.125,0.47817993
2030-01-01T12:00:00Z,-34.8825235,120.9375,0.4335327
2030-01-01T12:00:00Z,-34.8825235,123.75,0.45315552
2030-01-01T12:00:00Z,-34.8825235,126.5625,0.49353027
2030-01-01T12:00:00Z,-34.8825235,129.375,0.49597168
2030-01-01T12:00:00Z,-34.8825235,132.1875,0.4468689
2030-01-01T12:00:00Z,-34.8825235,135.0,0.4774475
2030-01-01T12:00:00Z,-34.8825235,137.8125,0.46102905
2030-01-01T12:00:00Z,-34.8825235,140.625,0.58932495
2030-01-01T12:00:00Z,-34.8825235,143.4375,0.7529297
2030-01-01T12:00:00Z,-34.8825235,146.25,0.6245117
2030-01-01T12:00:00Z,-34.8825235,149.0625,0.975708
2030-01-01T12:00:00Z,-34.8825235,151.875,1.168396
2030-01-01T12:00:00Z,-34.8825235,154.6875,1.1742554
2030-01-01T12:00:00Z,-34.8825235,157.5,1.1196289
2030-01-01T12:00:00Z,-34.8825235,160.3125,1.048645
2030-01-01T12:00:00Z,-34.8825235,163.125,1.083435
2030-01-01T12:00:00Z,-34.8825235,165.9375,1.0849609
2030-01-01T12:00:00Z,-34.8825235,168.75,1.0392761
2030-01-01T12:00:00Z,-34.8825235,171.5625,1.0417175
2030-01-01T12:00:00Z,-34.8825235,174.375,0.9559021
2030-01-01T12:00:00Z,-34.8825235,177.1875,0.8473511
2030-01-01T12:00:00Z,-34.8825235,180.0,0.80996704
2030-01-01T12:00:00Z,-32.09194639,90.0,0.67459106
2030-01-01T12:00:00Z,-32.09194639,92.8125,0.66815186
2030-01-01T12:00:00Z,-32.09194639,95.625,0.63842773
2030-01-01T12:00:00Z,-32.09194639,98.4375,0.6220093
2030-01-01T12:00:00Z,-32.09194639,101.25,0.56777954
2030-01-01T12:00:00Z,-32.09194639,104.0625,0.47454834
2030-01-01T12:00:00Z,-32.09194639,106.875,0.38250732
2030-01-01T12:00:00Z,-32.09194639,109.6875,0.26901245
2030-01-01T12:00:00Z,-32.09194639,112.5,0.37280273
2030-01-01T12:00:00Z,-32.09194639,115.3125,0.5736389
2030-01-01T12:00:00Z,-32.09194639,118.125,1.0525513
2030-01-01T12:00:00Z,-32.09194639,120.9375,1.0995178
2030-01-01T12:00:00Z,-32.09194639,123.75,0.89468384
2030-01-01T12:00:00Z,-32.09194639,126.5625,0.72662354
2030-01-01T12:00:00Z,-32.09194639,129.375,0.5303345
2030-01-01T12:00:00Z,-32.09194639,132.1875,0.55410767
2030-01-01T12:00:00Z,-32.09194639,135.0,0.78604126
2030-01-01T12:00:00Z,-32.09194639,137.8125,0.9217529
2030-01-01T12:00:00Z,-32.09194639,140.625,1.0180054
2030-01-01T12:00:00Z,-32.09194639,143.4375,1.2591858
2030-01-01T12:00:00Z,-32.09194639,146.25,1.1967773
2030-01-01T12:00:00Z,-32.09194639,149.0625,1.2129822
2030-01-01T12:00:00Z,-32.09194639,151.875,1.4089661
2030-01-01T12:00:00Z,-32.09194639,154.6875,1.0675964
2030-01-01T12:00:00Z,-32.09194639,157.5,0.99243164
2030-01-01T12:00:00Z,-32.09194639,160.3125,0.9595947
2030-01-01T12:00:00Z,-32.09194639,163.125,0.9382324
2030-01-01T12:00:00Z,-32.09194639,165.9375,0.9196472
2030-01-01T12:00:00Z,-32.09194639,168.75,0.89456177
2030-01-01T12:00:00Z,-32.09194639,171.5625,0.8501587
2030-01-01T12:00:00Z,-32.09194639,174.375,0.78637695
2030-01-01T12:00:00Z,-32.09194639,177.1875,0.7857971
2030-01-01T12:00:00Z,-32.09194639,180.0,0.7784424
2030-01-01T12:00:00Z,-29.30136213,90.0,0.5534973
2030-01-01T12:00:00Z,-29.30136213,92.8125,0.52023315
2030-01-01T12:00:00Z,-29.30136213,95.625,0.47561646
2030-01-01T12:00:00Z,-29.30136213,98.4375,0.46536255
2030-01-01T12:00:00Z,-29.30136213,101.25,0.44952393
2030-01-01T12:00:00Z,-29.30136213,104.0625,0.45257568
2030-01-01T12:00:00Z,-29.30136213,106.875,0.42077637
2030-01-01T12:00:00Z,-29.30136213,109.6875,0.42144775
2030-01-01T12:00:00Z,-29.30136213,112.5,0.53897095
2030-01-01T12:00:00Z,-29.30136213,115.3125,1.0899963
2030-01-01T12:00:00Z,-29.30136213,118.125,1.2771606
2030-01-01T12:00:00Z,-29.30136213,120.9375,1.5154114
2030-01-01T12:00:00Z,-29.30136213,123.75,1.3929138
2030-01-01T12:00:00Z,-29.30136213,126.5625,1.1950073
2030-01-01T12:00:00Z,-29.30136213,129.375,1.0623169
2030-01-01T12:00:00Z,-29.30136213,132.1875,1.067688
2030-01-01T12:00:00Z,-29.30136213,135.0,1.1213684
2030-01-01T12:00:00Z,-29.30136213,137.8125,1.2981262
2030-01-01T12:00:00Z,-29.30136213,140.625,1.3190002
2030-01-01T12:00:00Z,-29.30136213,143.4375,1.4535522
2030-01-01T12:00:00Z,-29.30136213,146.25,1.6216736
2030-01-01T12:00:00Z,-29.30136213,149.0625,1.509552
2030-01-01T12:00:00Z,-29.30136213,151.875,1.4342346
2030-01-01T12:00:00Z,-29.30136213,154.6875,1.02948
2030-01-01T12:00:00Z,-29.30136213,157.5,0.89416504
2030-01-01T12:00:00Z,-29.30136213,160.3125,0.899353
2030-01-01T12:00:00Z,-29.30136213,163.125,0.8860779
2030-01-01T12:00:00Z,-29.30136213,165.9375,0.8614502
2030-01-01T12:00:00Z,-29.30136213,168.75,0.80636597
2030-01-01T12:00:00Z,-29.30136213,171.5625,0.76416016
2030-01-01T12:00:00Z,-29.30136213,174.375,0.7391968
2030-01-01T12:00:00Z,-29.30136213,177.1875,0.7913208
2030-01-01T12:00:00Z,-29.30136213,180.0,0.77471924
2030-01-01T12:00:00Z,-26.51077183,90.0,0.5629883
2030-01-01T12:00:00Z,-26.51077183,92.8125,0.5656433
2030-01-01T12:00:00Z,-26.51077183,95.625,0.5811157
2030-01-01T12:00:00Z,-26.51077183,98.4375,0.58410645
2030-01-01T12:00:00Z,-26.51077183,101.25,0.5646057
2030-01-01T12:00:00Z,-26.51077183,104.0625,0.5255127
2030-01-01T12:00:00Z,-26.51077183,106.875,0.4275818
2030-01-01T12:00:00Z,-26.51077183,109.6875,0.42034912
2030-01-01T12:00:00Z,-26.51077183,112.5,0.57910156
2030-01-01T12:00:00Z,-26.51077183,115.3125,1.3397522
2030-01-01T12:00:00Z,-26.51077183,118.125,1.743103
2030-01-01T12:00:00Z,-26.51077183,120.9375,1.9813538
2030-01-01T12:00:00Z,-26.51077183,123.75,2.0288696
2030-01-01T12:00:00Z,-26.51077183,126.5625,1.7909546
2030-01-01T12:00:00Z,-26.51077183,129.375,1.5375061
2030-01-01T12:00:00Z,-26.51077183,132.1875,1.3114014
2030-01-01T12:00:00Z,-26.51077183,135.0,1.3272705
2030-01-01T12:00:00Z,-26.51077183,137.8125,1.5832214
2030-01-01T12:00:00Z,-26.51077183,140.625,1.7062073
2030-01-01T12:00:00Z,-26.51077183,143.4375,1.6395569
2030-01-01T12:00:00Z,-26.51077183,146.25,1.7567749
2030-01-01T12:00:00Z,-26.51077183,149.0625,1.5961609
2030-01-01T12:00:00Z,-26.51077183,151.875,1.5158997
2030-01-01T12:00:00Z,-26.51077183,154.6875,1.0142212
2030-01-01T12:00:00Z,-26.51077183,157.5,0.94558716
2030-01-01T12:00:00Z,-26.51077183,160.3125,0.926239
2030-01-01T12:00:00Z,-26.51077183,163.125,0.88656616
2030-01-01T12:00:00Z,-26.51077183,165.9375,0.85769653
2030-01-01T12:00:00Z,-26.51077183,168.75,0.83618164
2030-01-01T12:00:00Z,-26.51077183,171.5625,0.8247986
2030-01-01T12:00:00Z,-26.51077183,174.375,0.80859375
2030-01-01T12:00:00Z,-26.51077183,177.1875,0.75616455
2030-01-01T12:00:00Z,-26.51077183,180.0,0.68588257
2030-01-01T12:00:00Z,-23.72017644,90.0,0.6456604
2030-01-01T12:00:00Z,-23.72017644,92.8125,0.60375977
2030-01-01T12:00:00Z,-23.72017644,95.625,0.5590515
2030-01-01T12:00:00Z,-23.72017644,98.4375,0.50531006
2030-01-01T12:00:00Z,-23.72017644,101.25,0.4550171
2030-01-01T12:00:00Z,-23.72017644,104.0625,0.38754272
2030-01-01T12:00:00Z,-23.72017644,106.875,0.363739
2030-01-01T12:00:00Z,-23.72017644,109.6875,0.4336853
2030-01-01T12:00:00Z,-23.72017644,112.5,0.607605
2030-01-01T12:00:00Z,-23.72017644,115.3125,1.4686584
2030-01-01T12:00:00Z,-23.72017644,118.125,2.1625671
2030-01-01T12:00:00Z,-23.72017644,120.9375,2.3937683
2030-01-01T12:00:00Z,-23.72017644,123.75,2.016449
2030-01-01T12:00:00Z,-23.72017644,126.5625,2.0234985
2030-01-01T12:00:00Z,-23.72017644,129.375,1.896698
2030-01-01T12:00:00Z,-23.72017644,132.1875,1.7055969
2030-01-01T12:00:00Z,-23.72017644,135.0,1.7130432
2030-01-01T12:00:00Z,-23.72017644,137.8125,1.798645
2030-01-01T12:00:00Z,-23.72017644,140.625,1.8709717
2030-01-01T12:00:00Z,-23.72017644,143.4375,1.8058167
2030-01-01T12:00:00Z,-23.72017644,146.25,1.749176
2030-01-01T12:00:00Z,-23.72017644,149.0625,1.276062
2030-01-01T12:00:00Z,-23.72017644,151.875,0.988739
2030-01-01T12:00:00Z,-23.72017644,154.6875,0.9616089
2030-01-01T12:00:00Z,-23.72017644,157.5,0.8998413
2030-01-01T12:00:00Z,-23.72017644,160.3125,0.87713623
2030-01-01T12:00:00Z,-23.72017644,163.125,0.8199158
2030-01-01T12:00:00Z,-23.72017644,165.9375,0.7822571
2030-01-01T12:00:00Z,-23.72017644,168.75,0.7373352
2030-01-01T12:00:00Z,-23.72017644,171.5625,0.6921387
2030-01-01T12:00:00Z,-23.72017644,174.375,0.64797974
2030-01-01T12:00:00Z,-23.72017644,177.1875,0.56552124
2030-01-01T12:00:00Z,-23.72017644,180.0,0.5440674
2030-01-01T12:00:00Z,-20.92957676,90.0,0.5136719
2030-01-01T12:00:00Z,-20.92957676,92.8125,0.38955688
2030-01-01T12:00:00Z,-20.92957676,95.625,0.2980957
2030-01-01T12:00:00Z,-20.92957676,98.4375,0.28222656
2030-01-01T12:00:00Z,-20.92957676,101.25,0.33447266
2030-01-01T12:00:00Z,-20.92957676,104.0625,0.36071777
2030-01-01T12:00:00Z,-20.92957676,106.875,0.45333862
2030-01-01T12:00:00Z,-20.92957676,109.6875,0.55511475
2030-01-01T12:00:00Z,-20.92957676,112.5,0.68377686
2030-01-01T12:00:00Z,-20.92957676,115.3125,0.969635
2030-01-01T12:00:00Z,-20.92957676,118.125,2.193695
2030-01-01T12:00:00Z,-20.92957676,120.9375,2.0856018
2030-01-01T12:00:00Z,-20.92957676,123.75,1.9095764
2030-01-01T12:00:00Z,-20.92957676,126.5625,1.9658508
2030-01-01T12:00:00Z,-20.92957676,129.375,1.834259
2030-01-01T12:00:00Z,-20.92957676,132.1875,1.7667542
2030-01-01T12:00:00Z,-20.92957676,135.0,1.733429
2030-01-01T12:00:00Z,-20.92957676,137.8125,1.6452026
2030-01-01T12:00:00Z,-20.92957676,140.625,1.776062
2030-01-01T12:00:00Z,-20.92957676,143.4375,1.7638855
2030-01-01T12:00:00Z,-20.92957676,146.25,1.5415039
2030-01-01T12:00:00Z,-20.92957676,149.0625,1.2015381
2030-01-01T12:00:00Z,-20.92957676,151.875,0.89212036
2030-01-01T12:00:00Z,-20.92957676,154.6875,0.8661804
2030-01-01T12:00:00Z,-20.92957676,157.5,0.8176575
2030-01-01T12:00:00Z,-20.92957676,160.3125,0.7632446
2030-01-01T12:00:00Z,-20.92957676,163.125,0.70892334
2030-01-01T12:00:00Z,-20.92957676,165.9375,0.6576538
2030-01-01T12:00:00Z,-20.92957676,168.75,0.6037903
2030-01-01T12:00:00Z,-20.92957676,171.5625,0.53448486
2030-01-01T12:00:00Z,-20.92957676,174.375,0.5046387
2030-01-01T12:00:00Z,-20.92957676,177.1875,0.4916687
2030-01-01T12:00:00Z,-20.92957676,180.0,0.50045776
2030-01-01T12:00:00Z,-18.13897349,90.0,0.27972412
2030-01-01T12:00:00Z,-18.13897349,92.8125,0.16812134
2030-01-01T12:00:00Z,-18.13897349,95.625,0.15625
2030-01-01T12:00:00Z,-18.13897349,98.4375,0.2340393
2030-01-01T12:00:00Z,-18.13897349,101.25,0.36068726
2030-01-01T12:00:00Z,-18.13897349,104.0625,0.45251465
2030-01-01T12:00:00Z,-18.13897349,106.875,0.53445435
2030-01-01T12:00:00Z,-18.13897349,109.6875,0.63339233
2030-01-01T12:00:00Z,-18.13897349,112.5,0.73065186
2030-01-01T12:00:00Z,-18.13897349,115.3125,0.9267578
2030-01-01T12:00:00Z,-18.13897349,118.125,1.1047058
2030-01-01T12:00:00Z,-18.13897349,120.9375,1.0735779
2030-01-01T12:00:00Z,-18.13897349,123.75,1.5699463
2030-01-01T12:00:00Z,-18.13897349,126.5625,1.7430725
2030-01-01T12:00:00Z,-18.13897349,129.375,1.649231
2030-01-01T12:00:00Z,-18.13897349,132.1875,1.3592224
2030-01-01T12:00:00Z,-18.13897349,135.0,1.4447937
2030-01-01T12:00:00Z,-18.13897349,137.8125,1.5553894
2030-01-01T12:00:00Z,-18.13897349,140.625,1.5222778
2030-01-01T12:00:00Z,-18.13897349,143.4375,1.2155457
2030-01-01T12:00:00Z,-18.13897349,146.25,1.1043091
2030-01-01T12:00:00Z,-18.13897349,149.0625,0.867218
2030-01-01T12:00:00Z,-18.13897349,151.875,0.89624023
2030-01-01T12:00:00Z,-18.13897349,154.6875,0.8485718
2030-01-01T12:00:00Z,-18.13897349,157.5,0.77767944
2030-01-01T12:00:00Z,-18.13897349,160.3125,0.72650146
2030-01-01T12:00:00Z,-18.13897349,163.125,0.69644165
2030-01-01T12:00:00Z,-18.13897349,165.9375,0.6202698
2030-01-01T12:00:00Z,-18.13897349,168.75,0.5795288
2030-01-01T12:00:00Z,-18.13897349,171.5625,0.5468445
2030-01-01T12:00:00Z,-18.13897349,174.375,0.5386658
2030-01-01T12:00:00Z,-18.13897349,177.1875,0.54208374
2030-01-01T12:00:00Z,-18.13897349,180.0,0.5404968
2030-01-01T12:00:00Z,-15.34836726,90.0,0.333313
2030-01-01T12:00:00Z,-15.34836726,92.8125,0.2939453
2030-01-01T12:00:00Z,-15.34836726,95.625,0.32092285
2030-01-01T12:00:00Z,-15.34836726,98.4375,0.4086914
2030-01-01T12:00:00Z,-15.34836726,101.25,0.53723145
2030-01-01T12:00:00Z,-15.34836726,104.0625,0.61309814
2030-01-01T12:00:00Z,-15.34836726,106.875,0.6820984
2030-01-01T12:00:00Z,-15.34836726,109.6875,0.76763916
2030-01-01T12:00:00Z,-15.34836726,112.5,0.80966187
2030-01-01T12:00:00Z,-15.34836726,115.3125,0.95095825
2030-01-01T12:00:00Z,-15.34836726,118.125,1.0701294
2030-01-01T12:00:00Z,-15.34836726,120.9375,1.1035156
2030-01-01T12:00:00Z,-15.34836726,123.75,1.1616516
2030-01-01T12:00:00Z,-15.34836726,126.5625,1.3457947
2030-01-01T12:00:00Z,-15.34836726,129.375,1.3168945
2030-01-01T12:00:00Z,-15.34836726,132.1875,1.1967468
2030-01-01T12:00:00Z,-15.34836726,135.0,1.3287048
2030-01-01T12:00:00Z,-15.34836726,137.8125,0.97055054
2030-01-01T12:00:00Z,-15.34836726,140.625,0.8491516
2030-01-01T12:00:00Z,-15.34836726,143.4375,0.9445801
2030-01-01T12:00:00Z,-15.34836726,146.25,0.82995605
2030-01-01T12:00:00Z,-15.34836726,149.0625,0.85302734
2030-01-01T12:00:00Z,-15.34836726,151.875,0.8757324
2030-01-01T12:00:00Z,-15.34836726,154.6875,0.8218689
2030-01-01T12:00:00Z,-15.34836726,157.5,0.78915405
2030-01-01T12:00:00Z,-15.34836726,160.3125,0.78845215
2030-01-01T12:00:00Z,-15.34836726,163.125,0.773468
2030-01-01T12:00:00Z,-15.34836726,165.9375,0.71591187
2030-01-01T12:00:00Z,-15.34836726,168.75,0.6750183
2030-01-01T12:00:00Z,-15.34836726,171.5625,0.6687317
2030-01-01T12:00:00Z,-15.34836726,174.375,0.6471863
2030-01-01T12:00:00Z,-15.34836726,177.1875,0.661438
2030-01-01T12:00:00Z,-15.34836726,180.0,0.67303467
2030-01-01T12:00:00Z,-12.55775862,90.0,0.7071228
2030-01-01T12:00:00Z,-12.55775862,92.8125,0.7233887
2030-01-01T12:00:00Z,-12.55775862,95.625,0.7451172
2030-01-01T12:00:00Z,-12.55775862,98.4375,0.7897644
2030-01-01T12:00:00Z,-12.55775862,101.25,0.8721924
2030-01-01T12:00:00Z,-12.55775862,104.0625,0.91781616
2030-01-01T12:00:00Z,-12.55775862,106.875,0.98498535
2030-01-01T12:00:00Z,-12.55775862,109.6875,1.0263367
2030-01-01T12:00:00Z,-12.55775862,112.5,1.0099792
2030-01-01T12:00:00Z,-12.55775862,115.3125,1.0766296
2030-01-01T12:00:00Z,-12.55775862,118.125,1.1309509
2030-01-01T12:00:00Z,-12.55775862,120.9375,1.1025085
2030-01-01T12:00:00Z,-12.55775862,123.75,1.0840149
2030-01-01T12:00:00Z,-12.55775862,126.5625,1.0796204
2030-01-01T12:00:00Z,-12.55775862,129.375,1.017273
2030-01-01T12:00:00Z,-12.55775862,132.1875,1.2631226
2030-01-01T12:00:00Z,-12.55775862,135.0,0.8956299
2030-01-01T12:00:00Z,-12.55775862,137.8125,0.8342285
2030-01-01T12:00:00Z,-12.55775862,140.625,0.79714966
2030-01-01T12:00:00Z,-12.55775862,143.4375,0.8953247
2030-01-01T12:00:00Z,-12.55775862,146.25,0.8497009
2030-01-01T12:00:00Z,-12.55775862,149.0625,0.91293335
2030-01-01T12:00:00Z,-12.55775862,151.875,0.8891907
2030-01-01T12:00:00Z,-12.55775862,154.6875,0.8901062
2030-01-01T12:00:00Z,-12.55775862,157.5,0.8456116
2030-01-01T12:00:00Z,-12.55775862,160.3125,0.8304138
2030-01-01T12:00:00Z,-12.55775862,163.125,0.8117981
2030-01-01T12:00:00Z,-12.55775862,165.9375,0.8206177
2030-01-01T12:00:00Z,-12.55775862,168.75,0.8397827
2030-01-01T12:00:00Z,-12.55775862,171.5625,0.84020996
2030-01-01T12:00:00Z,-12.55775862,174.375,0.81243896
2030-01-01T12:00:00Z,-12.55775862,177.1875,0.7881775
2030-01-01T12:00:00Z,-12.55775862,180.0,0.7825012
2030-01-01T12:00:00Z,-9.76714806,90.0,0.8060303
2030-01-01T12:00:00Z,-9.76714806,92.8125,0.75006104
2030-01-01T12:00:00Z,-9.76714806,95.625,0.7600708
2030-01-01T12:00:00Z,-9.76714806,98.4375,0.7419739
2030-01-01T12:00:00Z,-9.76714806,101.25,0.7061157
2030-01-01T12:00:00Z,-9.76714806,104.0625,0.7576904
2030-01-01T12:00:00Z,-9.76714806,106.875,0.90740967
2030-01-01T12:00:00Z,-9.76714806,109.6875,0.992218
2030-01-01T12:00:00Z,-9.76714806,112.5,0.9935608
2030-01-01T12:00:00Z,-9.76714806,115.3125,0.98895264
2030-01-01T12:00:00Z,-9.76714806,118.125,0.9619446
2030-01-01T12:00:00Z,-9.76714806,120.9375,0.9466858
2030-01-01T12:00:00Z,-9.76714806,123.75,0.9555969
2030-01-01T12:00:00Z,-9.76714806,126.5625,0.9496155
2030-01-01T12:00:00Z,-9.76714806,129.375,0.9205322
2030-01-01T12:00:00Z,-9.76714806,132.1875,0.9148865
2030-01-01T12:00:00Z,-9.76714806,135.0,0.93322754
2030-01-01T12:00:00Z,-9.76714806,137.8125,0.93322754
2030-01-01T12:00:00Z,-9.76714806,140.625,0.89489746
2030-01-01T12:00:00Z,-9.76714806,143.4375,1.0145264
2030-01-01T12:00:00Z,-9.76714806,146.25,0.8095703
2030-01-01T12:00:00Z,-9.76714806,149.0625,0.9389343
2030-01-01T12:00:00Z,-9.76714806,151.875,0.9838867
2030-01-01T12:00:00Z,-9.76714806,154.6875,0.94296265
2030-01-01T12:00:00Z,-9.76714806,157.5,0.924469
2030-01-01T12:00:00Z,-9.76714806,160.3125,0.8745117
2030-01-01T12:00:00Z,-9.76714806,163.125,0.8638916
2030-01-01T12:00:00Z,-9.76714806,165.9375,0.83428955
2030-01-01T12:00:00Z,-9.76714806,168.75,0.8226929
2030-01-01T12:00:00Z,-9.76714806,171.5625,0.84588623
2030-01-01T12:00:00Z,-9.76714806,174.375,0.86535645
2030-01-01T12:00:00Z,-9.76714806,177.1875,0.8802185
2030-01-01T12:00:00Z,-9.76714806,180.0,0.88101196
2030-01-01T12:00:00Z,-6.97653606,90.0,0.91799927
2030-01-01T12:00:00Z,-6.97653606,92.8125,0.8517761
2030-01-01T12:00:00Z,-6.97653606,95.625,0.75097656
2030-01-01T12:00:00Z,-6.97653606,98.4375,0.58322144
2030-01-01T12:00:00Z,-6.97653606,101.25,0.44555664
2030-01-01T12:00:00Z,-6.97653606,104.0625,0.5026245
2030-01-01T12:00:00Z,-6.97653606,106.875,1.3279419
2030-01-01T12:00:00Z,-6.97653606,109.6875,0.90371704
2030-01-01T12:00:00Z,-6.97653606,112.5,0.88986206
2030-01-01T12:00:00Z,-6.97653606,115.3125,0.8328247
2030-01-01T12:00:00Z,-6.97653606,118.125,0.8161316
2030-01-01T12:00:00Z,-6.97653606,120.9375,0.85913086
2030-01-01T12:00:00Z,-6.97653606,123.75,0.86968994
2030-01-01T12:00:00Z,-6.97653606,126.5625,0.926239
2030-01-01T12:00:00Z,-6.97653606,129.375,0.95654297
2030-01-01T12:00:00Z,-6.97653606,132.1875,0.96121216
2030-01-01T12:00:00Z,-6.97653606,135.0,0.94195557
2030-01-01T12:00:00Z,-6.97653606,137.8125,1.0237732
2030-01-01T12:00:00Z,-6.97653606,140.625,1.259613
2030-01-01T12:00:00Z,-6.97653606,143.4375,1.0665588
2030-01-01T12:00:00Z,-6.97653606,146.25,1.0941162
2030-01-01T12:00:00Z,-6.97653606,149.0625,0.912323
2030-01-01T12:00:00Z,-6.97653606,151.875,0.9371338
2030-01-01T12:00:00Z,-6.97653606,154.6875,0.8322754
2030-01-01T12:00:00Z,-6.97653606,157.5,0.8087158
2030-01-01T12:00:00Z,-6.97653606,160.3125,0.8140564
2030-01-01T12:00:00Z,-6.97653606,163.125,0.8260193
2030-01-01T12:00:00Z,-6.97653606,165.9375,0.83154297
2030-01-01T12:00:00Z,-6.97653606,168.75,0.8442688
2030-01-01T12:00:00Z,-6.97653606,171.5625,0.8833313
2030-01-01T12:00:00Z,-6.97653606,174.375,0.90023804
2030-01-01T12:00:00Z,-6.97653606,177.1875,0.92056274
2030-01-01T12:00:00Z,-6.97653606,180.0,0.9299927
2030-01-01T12:00:00Z,-4.18592304,90.0,0.80947876
2030-01-01T12:00:00Z,-4.18592304,92.8125,0.7562561
2030-01-01T12:00:00Z,-4.18592304,95.625,0.62350464
2030-01-01T12:00:00Z,-4.18592304,98.4375,0.48138428
2030-01-01T12:00:00Z,-4.18592304,101.25,0.38339233
2030-01-01T12:00:00Z,-4.18592304,104.0625,1.1114807
2030-01-01T12:00:00Z,-4.18592304,106.875,1.2641602
2030-01-01T12:00:00Z,-4.18592304,109.6875,0.89767456
2030-01-01T12:00:00Z,-4.18592304,112.5,0.8968811
2030-01-01T12:00:00Z,-4.18592304,115.3125,0.8762512
2030-01-01T12:00:00Z,-4.18592304,118.125,0.8619995
2030-01-01T12:00:00Z,-4.18592304,120.9375,1.204956
2030-01-01T12:00:00Z,-4.18592304,123.75,0.88119507
2030-01-01T12:00:00Z,-4.18592304,126.5625,0.89105225
2030-01-01T12:00:00Z,-4.18592304,129.375,0.89501953
2030-01-01T12:00:00Z,-4.18592304,132.1875,0.931427
2030-01-01T12:00:00Z,-4.18592304,135.0,1.1297607
2030-01-01T12:00:00Z,-4.18592304,137.8125,1.0003662
2030-01-01T12:00:00Z,-4.18592304,140.625,1.095581
2030-01-01T12:00:00Z,-4.18592304,143.4375,1.1863098
2030-01-01T12:00:00Z,-4.18592304,146.25,1.0681458
2030-01-01T12:00:00Z,-4.18592304,149.0625,0.7850952
2030-01-01T12:00:00Z,-4.18592304,151.875,0.8496094
2030-01-01T12:00:00Z,-4.18592304,154.6875,0.82818604
2030-01-01T12:00:00Z,-4.18592304,157.5,0.85354614
2030-01-01T12:00:00Z,-4.18592304,160.3125,0.87197876
2030-01-01T12:00:00Z,-4.18592304,163.125,0.8803711
2030-01-01T12:00:00Z,-4.18592304,165.9375,0.8963928
2030-01-01T12:00:00Z,-4.18592304,168.75,0.894104
2030-01-01T12:00:00Z,-4.18592304,171.5625,0.9145813
2030-01-01T12:00:00Z,-4.18592304,174.375,0.8953552
2030-01-01T12:00:00Z,-4.18592304,177.1875,0.89682007
2030-01-01T12:00:00Z,-4.18592304,180.0,0.9137573
2030-01-01T12:00:00Z,-1.39530942,90.0,0.7866821
2030-01-01T12:00:00Z,-1.39530942,92.8125,0.74053955
2030-01-01T12:00:00Z,-1.39530942,95.625,0.6887207
2030-01-01T12:00:00Z,-1.39530942,98.4375,0.47045898
2030-01-01T12:00:00Z,-1.39530942,101.25,1.0598755
2030-01-01T12:00:00Z,-1.39530942,104.0625,1.045166
2030-01-01T12:00:00Z,-1.39530942,106.875,0.9723511
2030-01-01T12:00:00Z,-1.39530942,109.6875,1.038208
2030-01-01T12:00:00Z,-1.39530942,112.5,0.959198
2030-01-01T12:00:00Z,-1.39530942,115.3125,1.0970459
2030-01-01T12:00:00Z,-1.39530942,118.125,1.1971741
2030-01-01T12:00:00Z,-1.39530942,120.9375,1.0518188
2030-01-01T12:00:00Z,-1.39530942,123.75,0.7950134
2030-01-01T12:00:00Z,-1.39530942,126.5625,0.8345642
2030-01-01T12:00:00Z,-1.39530942,129.375,0.86380005
2030-01-01T12:00:00Z,-1.39530942,132.1875,1.2258606
2030-01-01T12:00:00Z,-1.39530942,135.0,1.1482544
2030-01-01T12:00:00Z,-1.39530942,137.8125,1.2398987
2030-01-01T12:00:00Z,-1.39530942,140.625,0.8753357
2030-01-01T12:00:00Z,-1.39530942,143.4375,0.88342285
2030-01-01T12:00:00Z,-1.39530942,146.25,0.795105
2030-01-01T12:00:00Z,-1.39530942,149.0625,0.83950806
2030-01-01T12:00:00Z,-1.39530942,151.875,0.9359436
2030-01-01T12:00:00Z,-1.39530942,154.6875,0.99679565
2030-01-01T12:00:00Z,-1.39530942,157.5,1.0259094
2030-01-01T12:00:00Z,-1.39530942,160.3125,1.0107727
2030-01-01T12:00:00Z,-1.39530942,163.125,1.0061035
2030-01-01T12:00:00Z,-1.39530942,165.9375,0.9890442
2030-01-01T12:00:00Z,-1.39530942,168.75,0.96591187
2030-01-01T12:00:00Z,-1.39530942,171.5625,0.93859863
2030-01-01T12:00:00Z,-1.39530942,174.375,0.91708374
2030-01-01T12:00:00Z,-1.39530942,177.1875,0.88812256
2030-01-01T12:00:00Z,-1.39530942,180.0,0.86499023
2030-01-01T12:00:00Z,1.39530942,90.0,0.88568115
2030-01-01T12:00:00Z,1.39530942,92.8125,0.80670166
2030-01-01T12:00:00Z,1.39530942,95.625,0.6923218
2030-01-01T12:00:00Z,1.39530942,98.4375,0.96987915
2030-01-01T12:00:00Z,1.39530942,101.25,0.91934204
2030-01-01T12:00:00Z,1.39530942,104.0625,0.9762573
2030-01-01T12:00:00Z,1.39530942,106.875,0.9472656
2030-01-01T12:00:00Z,1.39530942,109.6875,0.99746704
2030-01-01T12:00:00Z,1.39530942,112.5,1.0174255
2030-01-01T12:00:00Z,1.39530942,115.3125,1.0082703
2030-01-01T12:00:00Z,1.39530942,118.125,0.86224365
2030-01-01T12:00:00Z,1.39530942,120.9375,0.81118774
2030-01-01T12:00:00Z,1.39530942,123.75,0.7998047
2030-01-01T12:00:00Z,1.39530942,126.5625,0.84103394
2030-01-01T12:00:00Z,1.39530942,129.375,0.89733887
2030-01-01T12:00:00Z,1.39530942,132.1875,0.9365845
2030-01-01T12:00:00Z,1.39530942,135.0,0.97991943
2030-01-01T12:00:00Z,1.39530942,137.8125,0.9770508
2030-01-01T12:00:00Z,1.39530942,140.625,0.91342163
2030-01-01T12:00:00Z,1.39530942,143.4375,0.8786926
2030-01-01T12:00:00Z,1.39530942,146.25,0.8322449
2030-01-01T12:00:00Z,1.39530942,149.0625,0.9010925
2030-01-01T12:00:00Z,1.39530942,151.875,1.0169983
2030-01-01T12:00:00Z,1.39530942,154.6875,1.0625305
2030-01-01T12:00:00Z,1.39530942,157.5,1.11026
2030-01-01T12:00:00Z,1.39530942,160.3125,1.1238098
2030-01-01T12:00:00Z,1.39530942,163.125,1.1456909
2030-01-01T12:00:00Z,1.39530942,165.9375,1.1366577
2030-01-01T12:00:00Z,1.39530942,168.75,1.1331787
2030-01-01T12:00:00Z,1.39530942,171.5625,1.1183167
2030-01-01T12:00:00Z,1.39530942,174.375,1.1016235
2030-01-01T12:00:00Z,1.39530942,177.1875,1.085022
2030-01-01T12:00:00Z,1.39530942,180.0,1.0681763
