time,latitude,longitude,tasmin_jja
UTC,degrees_north,degrees_east,K
2050-01-01T12:00:00Z,-48.83524347,90.0,1.2008057
2050-01-01T12:00:00Z,-48.83524347,92.8125,1.2147827
2050-01-01T12:00:00Z,-48.83524347,95.625,1.2662659
2050-01-01T12:00:00Z,-48.83524347,98.4375,1.3203735
2050-01-01T12:00:00Z,-48.83524347,101.25,1.344635
2050-01-01T12:00:00Z,-48.83524347,104.0625,1.3143616
2050-01-01T12:00:00Z,-48.83524347,106.875,1.2849426
2050-01-01T12:00:00Z,-48.83524347,109.6875,1.2576904
2050-01-01T12:00:00Z,-48.83524347,112.5,1.2037659
2050-01-01T12:00:00Z,-48.83524347,115.3125,1.1509705
2050-01-01T12:00:00Z,-48.83524347,118.125,1.1051941
2050-01-01T12:00:00Z,-48.83524347,120.9375,1.0784912
2050-01-01T12:00:00Z,-48.83524347,123.75,1.0405273
2050-01-01T12:00:00Z,-48.83524347,126.5625,0.9907837
2050-01-01T12:00:00Z,-48.83524347,129.375,0.9786682
2050-01-01T12:00:00Z,-48.83524347,132.1875,0.9616394
2050-01-01T12:00:00Z,-48.83524347,135.0,0.9510498
2050-01-01T12:00:00Z,-48.83524347,137.8125,0.9390564
2050-01-01T12:00:00Z,-48.83524347,140.625,0.9215393
2050-01-01T12:00:00Z,-48.83524347,143.4375,0.9065857
2050-01-01T12:00:00Z,-48.83524347,146.25,0.9220886
2050-01-01T12:00:00Z,-48.83524347,149.0625,0.9517517
2050-01-01T12:00:00Z,-48.83524347,151.875,0.9772949
2050-01-01T12:00:00Z,-48.83524347,154.6875,1.0159607
2050-01-01T12:00:00Z,-48.83524347,157.5,1.0135803
2050-01-01T12:00:00Z,-48.83524347,160.3125,0.9880676
2050-01-01T12:00:00Z,-48.83524347,163.125,0.95651245
2050-01-01T12:00:00Z,-48.83524347,165.9375,0.99560547
2050-01-01T12:00:00Z,-48.83524347,168.75,1.0111084
2050-01-01T12:00:00Z,-48.83524347,171.5625,0.9901428
2050-01-01T12:00:00Z,-48.83524347,174.375,0.9493408
2050-01-01T12:00:00Z,-48.83524347,177.1875,0.933136
2050-01-01T12:00:00Z,-48.83524347,180.0,0.93359375
2050-01-01T12:00:00Z,-46.04472914,90.0,1.2574768
2050-01-01T12:00:00Z,-46.04472914,92.8125,1.212616
2050-01-01T12:00:00Z,-46.04472914,95.625,1.2044067
2050-01-01T12:00:00Z,-46.04472914,98.4375,1.195343
2050-01-01T12:00:00Z,-46.04472914,101.25,1.1556702
2050-01-01T12:00:00Z,-46.04472914,104.0625,1.1164246
2050-01-01T12:00:00Z,-46.04472914,106.875,1.086853
2050-01-01T12:00:00Z,-46.04472914,109.6875,1.0327148
2050-01-01T12:00:00Z,-46.04472914,112.5,0.99157715
2050-01-01T12:00:00Z,-46.04472914,115.3125,0.9666443
2050-01-01T12:00:00Z,-46.04472914,118.125,0.964386
2050-01-01T12:00:00Z,-46.04472914,120.9375,0.936615
2050-01-01T12:00:00Z,-46.04472914,123.75,0.907959
2050-01-01T12:00:00Z,-46.04472914,126.5625,0.8826294
2050-01-01T12:00:00Z,-46.04472914,129.375,0.87002563
2050-01-01T12:00:00Z,-46.04472914,132.1875,0.85946655
2050-01-01T12:00:00Z,-46.04472914,135.0,0.84988403
2050-01-01T12:00:00Z,-46.04472914,137.8125,0.8451233
2050-01-01T12:00:00Z,-46.04472914,140.625,0.88171387
2050-01-01T12:00:00Z,-46.04472914,143.4375,0.9883423
2050-01-01T12:00:00Z,-46.04472914,146.25,1.0906677
2050-01-01T12:00:00Z,-46.04472914,149.0625,1.1309814
2050-01-01T12:00:00Z,-46.04472914,151.875,1.0965576
2050-01-01T12:00:00Z,-46.04472914,154.6875,1.0402222
2050-01-01T12:00:00Z,-46.04472914,157.5,1.0147095
2050-01-01T12:00:00Z,-46.04472914,160.3125,1.0593872
2050-01-01T12:00:00Z,-46.04472914,163.125,1.1756897
2050-01-01T12:00:00Z,-46.04472914,165.9375,1.2782288
2050-01-01T12:00:00Z,-46.04472914,168.75,1.1375732
2050-01-01T12:00:00Z,-46.04472914,171.5625,1.131073
2050-01-01T12:00:00Z,-46.04472914,174.375,1.0341187
2050-01-01T12:00:00Z,-46.04472914,177.1875,0.9588623
2050-01-01T12:00:00Z,-46.04472914,180.0,0.9706726
2050-01-01T12:00:00Z,-43.25419717,90.0,1.0783997
2050-01-01T12:00:00Z,-43.25419717,92.8125,1.006958
2050-01-01T12:00:00Z,-43.25419717,95.625,0.9399414
2050-01-01T12:00:00Z,-43.25419717,98.4375,0.88409424
2050-01-01T12:00:00Z,-43.25419717,101.25,0.8519287
2050-01-01T12:00:00Z,-43.25419717,104.0625,0.8244934
2050-01-01T12:00:00Z,-43.25419717,106.875,0.8232727
2050-01-01T12:00:00Z,-43.25419717,109.6875,0.8371277
2050-01-01T12:00:00Z,-43.25419717,112.5,0.8526306
2050-01-01T12:00:00Z,-43.25419717,115.3125,0.860199
2050-01-01T12:00:00Z,-43.25419717,118.125,0.8699341
2050-01-01T12:00:00Z,-43.25419717,120.9375,0.8633423
2050-01-01T12:00:00Z,-43.25419717,123.75,0.86447144
2050-01-01T12:00:00Z,-43.25419717,126.5625,0.8441162
2050-01-01T12:00:00Z,-43.25419717,129.375,0.85272217
2050-01-01T12:00:00Z,-43.25419717,132.1875,0.88308716
2050-01-01T12:00:00Z,-43.25419717,135.0,0.9126587
2050-01-01T12:00:00Z,-43.25419717,137.8125,0.96313477
2050-01-01T12:00:00Z,-43.25419717,140.625,0.9901123
2050-01-01T12:00:00Z,-43.25419717,143.4375,0.9807129
2050-01-01T12:00:00Z,-43.25419717,146.25,1.0903015
2050-01-01T12:00:00Z,-43.25419717,149.0625,1.369751
2050-01-01T12:00:00Z,-43.25419717,151.875,1.4797363
2050-01-01T12:00:00Z,-43.25419717,154.6875,1.2708435
2050-01-01T12:00:00Z,-43.25419717,157.5,1.2241516
2050-01-01T12:00:00Z,-43.25419717,160.3125,1.3489075
2050-01-01T12:00:00Z,-43.25419717,163.125,1.3913879
2050-01-01T12:00:00Z,-43.25419717,165.9375,1.3702698
2050-01-01T12:00:00Z,-43.25419717,168.75,1.3910217
2050-01-01T12:00:00Z,-43.25419717,171.5625,1.2257385
2050-01-01T12:00:00Z,-43.25419717,174.375,1.1448059
2050-01-01T12:00:00Z,-43.25419717,177.1875,1.1182556
2050-01-01T12:00:00Z,-43.25419717,180.0,1.2131653
2050-01-01T12:00:00Z,-40.46365068,90.0,0.7402649
2050-01-01T12:00:00Z,-40.46365068,92.8125,0.7463989
2050-01-01T12:00:00Z,-40.46365068,95.625,0.7442322
2050-01-01T12:00:00Z,-40.46365068,98.4375,0.75964355
2050-01-01T12:00:00Z,-40.46365068,101.25,0.79037476
2050-01-01T12:00:00Z,-40.46365068,104.0625,0.8439636
2050-01-01T12:00:00Z,-40.46365068,106.875,0.91412354
2050-01-01T12:00:00Z,-40.46365068,109.6875,0.9883423
2050-01-01T12:00:00Z,-40.46365068,112.5,1.0068359
2050-01-01T12:00:00Z,-40.46365068,115.3125,0.9687805
2050-01-01T12:00:00Z,-40.46365068,118.125,0.9327698
2050-01-01T12:00:00Z,-40.46365068,120.9375,0.88235474
2050-01-01T12:00:00Z,-40.46365068,123.75,0.8675842
2050-01-01T12:00:00Z,-40.46365068,126.5625,0.9055786
2050-01-01T12:00:00Z,-40.46365068,129.375,0.9449463
2050-01-01T12:00:00Z,-40.46365068,132.1875,0.9605713
2050-01-01T12:00:00Z,-40.46365068,135.0,0.9646301
2050-01-01T12:00:00Z,-40.46365068,137.8125,0.9507141
2050-01-01T12:00:00Z,-40.46365068,140.625,0.9255066
2050-01-01T12:00:00Z,-40.46365068,143.4375,0.9072571
2050-01-01T12:00:00Z,-40.46365068,146.25,1.0244141
2050-01-01T12:00:00Z,-40.46365068,149.0625,1.3615417
2050-01-01T12:00:00Z,-40.46365068,151.875,1.7368774
2050-01-01T12:00:00Z,-40.46365068,154.6875,1.749054
2050-01-01T12:00:00Z,-40.46365068,157.5,1.4701538
2050-01-01T12:00:00Z,-40.46365068,160.3125,1.4899902
2050-01-01T12:00:00Z,-40.46365068,163.125,1.480011
2050-01-01T12:00:00Z,-40.46365068,165.9375,1.4169312
2050-01-01T12:00:00Z,-40.46365068,168.75,1.427124
2050-01-01T12:00:00Z,-40.46365068,171.5625,1.4504089
2050-01-01T12:00:00Z,-40.46365068,174.375,1.113678
2050-01-01T12:00:00Z,-40.46365068,177.1875,1.2106628
2050-01-01T12:00:00Z,-40.46365068,180.0,1.1757202
2050-01-01T12:00:00Z,-37.67309213,90.0,0.75115967
2050-01-01T12:00:00Z,-37.67309213,92.8125,0.8158264
2050-01-01T12:00:00Z,-37.67309213,95.625,0.8833313
2050-01-01T12:00:00Z,-37.67309213,98.4375,0.95095825
2050-01-01T12:00:00Z,-37.67309213,101.25,1.013855
2050-01-01T12:00:00Z,-37.67309213,104.0625,1.0916443
2050-01-01T12:00:00Z,-37.67309213,106.875,1.1612854
2050-01-01T12:00:00Z,-37.67309213,109.6875,1.1808167
2050-01-01T12:00:00Z,-37.67309213,112.5,1.1030273
2050-01-01T12:00:00Z,-37.67309213,115.3125,0.95162964
2050-01-01T12:00:00Z,-37.67309213,118.125,0.8746033
2050-01-01T12:00:00Z,-37.67309213,120.9375,0.97940063
2050-01-01T12:00:00Z,-37.67309213,123.75,1.0207825
2050-01-01T12:00:00Z,-37.67309213,126.5625,1.0426636
2050-01-01T12:00:00Z,-37.67309213,129.375,1.0177002
2050-01-01T12:00:00Z,-37.67309213,132.1875,0.99438477
2050-01-01T12:00:00Z,-37.67309213,135.0,0.9847717
2050-01-01T12:00:00Z,-37.67309213,137.8125,0.9758606
2050-01-01T12:00:00Z,-37.67309213,140.625,0.9530029
2050-01-01T12:00:00Z,-37.67309213,143.4375,0.90893555
2050-01-01T12:00:00Z,-37.67309213,146.25,0.76846313
2050-01-01T12:00:00Z,-37.67309213,149.0625,1.2155762
2050-01-01T12:00:00Z,-37.67309213,151.875,1.760498
2050-01-01T12:00:00Z,-37.67309213,154.6875,1.8808594
2050-01-01T12:00:00Z,-37.67309213,157.5,1.7155762
2050-01-01T12:00:00Z,-37.67309213,160.3125,1.5944214
2050-01-01T12:00:00Z,-37.67309213,163.125,1.5583191
2050-01-01T12:00:00Z,-37.67309213,165.9375,1.5183716
2050-01-01T12:00:00Z,-37.67309213,168.75,1.4827881
2050-01-01T12:00:00Z,-37.67309213,171.5625,1.480835
2050-01-01T12:00:00Z,-37.67309213,174.375,1.402008
2050-01-01T12:00:00Z,-37.67309213,177.1875,1.204895
2050-01-01T12:00:00Z,-37.67309213,180.0,1.0697021
2050-01-01T12:00:00Z,-34.8825235,90.0,1.0104065
2050-01-01T12:00:00Z,-34.8825235,92.8125,1.0836182
2050-01-01T12:00:00Z,-34.8825235,95.625,1.1601868
2050-01-01T12:00:00Z,-34.8825235,98.4375,1.2011108
2050-01-01T12:00:00Z,-34.8825235,101.25,1.1967773
2050-01-01T12:00:00Z,-34.8825235,104.0625,1.2164612
2050-01-01T12:00:00Z,-34.8825235,106.875,1.2125244
2050-01-01T12:00:00Z,-34.8825235,109.6875,1.1726074
2050-01-01T12:00:00Z,-34.8825235,112.5,1.1183777
2050-01-01T12:00:00Z,-34.8825235,115.3125,1.1064758
2050-01-01T12:00:00Z,-34.8825235,118.125,0.8066101
2050-01-01T12:00:00Z,-34.8825235,120.9375,1.0343018
2050-01-01T12:00:00Z,-34.8825235,123.75,1.115448
2050-01-01T12:00:00Z,-34.8825235,126.5625,1.1157532
2050-01-01T12:00:00Z,-34.8825235,129.375,1.1025696
2050-01-01T12:00:00Z,-34.8825235,132.1875,1.0715332
2050-01-01T12:00:00Z,-34.8825235,135.0,1.0786133
2050-01-01T12:00:00Z,-34.8825235,137.8125,1.0991211
2050-01-01T12:00:00Z,-34.8825235,140.625,0.91030884
2050-01-01T12:00:00Z,-34.8825235,143.4375,0.8177185
2050-01-01T12:00:00Z,-34.8825235,146.25,0.70513916
2050-01-01T12:00:00Z,-34.8825235,149.0625,1.0975342
2050-01-01T12:00:00Z,-34.8825235,151.875,1.7564087
2050-01-01T12:00:00Z,-34.8825235,154.6875,1.7268066
2050-01-01T12:00:00Z,-34.8825235,157.5,1.6127014
2050-01-01T12:00:00Z,-34.8825235,160.3125,1.591095
2050-01-01T12:00:00Z,-34.8825235,163.125,1.6326904
2050-01-01T12:00:00Z,-34.8825235,165.9375,1.6049194
2050-01-01T12:00:00Z,-34.8825235,168.75,1.5467834
2050-01-01T12:00:00Z,-34.8825235,171.5625,1.5532227
2050-01-01T12:00:00Z,-34.8825235,174.375,1.3404846
2050-01-01T12:00:00Z,-34.8825235,177.1875,1.1455383
2050-01-01T12:00:00Z,-34.8825235,180.0,1.0211792
2050-01-01T12:00:00Z,-32.09194639,90.0,1.2302551
2050-01-01T12:00:00Z,-32.09194639,92.8125,1.2199707
2050-01-01T12:00:00Z,-32.09194639,95.625,1.2027893
2050-01-01T12:00:00Z,-32.09194639,98.4375,1.1907654
2050-01-01T12:00:00Z,-32.09194639,101.25,1.1560669
2050-01-01T12:00:00Z,-32.09194639,104.0625,1.1486816
2050-01-01T12:00:00Z,-32.09194639,106.875,1.1860962
2050-01-01T12:00:00Z,-32.09194639,109.6875,1.1729736
2050-01-01T12:00:00Z,-32.09194639,112.5,1.1684265
2050-01-01T12:00:00Z,-32.09194639,115.3125,1.1652527
2050-01-01T12:00:00Z,-32.09194639,118.125,1.0192871
2050-01-01T12:00:00Z,-32.09194639,120.9375,1.0556946
2050-01-01T12:00:00Z,-32.09194639,123.75,1.2762756
2050-01-01T12:00:00Z,-32.09194639,126.5625,1.4102783
2050-01-01T12:00:00Z,-32.09194639,129.375,1.1212158
2050-01-01T12:00:00Z,-32.09194639,132.1875,1.1565857
2050-01-01T12:00:00Z,-32.09194639,135.0,1.293335
2050-01-01T12:00:00Z,-32.09194639,137.8125,1.4560242
2050-01-01T12:00:00Z,-32.09194639,140.625,1.4212341
2050-01-01T12:00:00Z,-32.09194639,143.4375,1.3573914
2050-01-01T12:00:00Z,-32.09194639,146.25,1.2679443
2050-01-01T12:00:00Z,-32.09194639,149.0625,1.353363
2050-01-01T12:00:00Z,-32.09194639,151.875,1.3412781
2050-01-01T12:00:00Z,-32.09194639,154.6875,1.4826355
2050-01-01T12:00:00Z,-32.09194639,157.5,1.3919678
2050-01-01T12:00:00Z,-32.09194639,160.3125,1.4207458
2050-01-01T12:00:00Z,-32.09194639,163.125,1.4367371
2050-01-01T12:00:00Z,-32.09194639,165.9375,1.4020386
2050-01-01T12:00:00Z,-32.09194639,168.75,1.3210449
2050-01-01T12:00:00Z,-32.09194639,171.5625,1.2521667
2050-01-01T12:00:00Z,-32.09194639,174.375,1.1411133
2050-01-01T12:00:00Z,-32.09194639,177.1875,1.0746765
2050-01-01T12:00:00Z,-32.09194639,180.0,1.0058289
2050-01-01T12:00:00Z,-29.30136213,90.0,1.1048279
2050-01-01T12:00:00Z,-29.30136213,92.8125,1.0776367
2050-01-01T12:00:00Z,-29.30136213,95.625,1.0552063
2050-01-01T12:00:00Z,-29.30136213,98.4375,1.0800476
2050-01-01T12:00:00Z,-29.30136213,101.25,1.1333923
2050-01-01T12:00:00Z,-29.30136213,104.0625,1.210907
2050-01-01T12:00:00Z,-29.30136213,106.875,1.2043762
2050-01-01T12:00:00Z,-29.30136213,109.6875,1.1949158
2050-01-01T12:00:00Z,-29.30136213,112.5,1.1975403
2050-01-01T12:00:00Z,-29.30136213,115.3125,1.3470154
2050-01-01T12:00:00Z,-29.30136213,118.125,1.3926697
2050-01-01T12:00:00Z,-29.30136213,120.9375,1.5271606
2050-01-01T12:00:00Z,-29.30136213,123.75,1.9285278
2050-01-01T12:00:00Z,-29.30136213,126.5625,2.0012512
2050-01-01T12:00:00Z,-29.30136213,129.375,1.8392334
2050-01-01T12:00:00Z,-29.30136213,132.1875,1.7809753
2050-01-01T12:00:00Z,-29.30136213,135.0,1.7823181
2050-01-01T12:00:00Z,-29.30136213,137.8125,1.7867432
2050-01-01T12:00:00Z,-29.30136213,140.625,1.8030701
2050-01-01T12:00:00Z,-29.30136213,143.4375,1.8201599
2050-01-01T12:00:00Z,-29.30136213,146.25,1.7785339
2050-01-01T12:00:00Z,-29.30136213,149.0625,1.6423035
2050-01-01T12:00:00Z,-29.30136213,151.875,1.4012756
2050-01-01T12:00:00Z,-29.30136213,154.6875,1.3942261
2050-01-01T12:00:00Z,-29.30136213,157.5,1.3417969
2050-01-01T12:00:00Z,-29.30136213,160.3125,1.3243713
2050-01-01T12:00:00Z,-29.30136213,163.125,1.2967834
2050-01-01T12:00:00Z,-29.30136213,165.9375,1.2531128
2050-01-01T12:00:00Z,-29.30136213,168.75,1.2128601
2050-01-01T12:00:00Z,-29.30136213,171.5625,1.175293
2050-01-01T12:00:00Z,-29.30136213,174.375,1.1601562
2050-01-01T12:00:00Z,-29.30136213,177.1875,1.1592102
2050-01-01T12:00:00Z,-29.30136213,180.0,1.1373291
2050-01-01T12:00:00Z,-26.51077183,90.0,1.120697
2050-01-01T12:00:00Z,-26.51077183,92.8125,1.1098022
2050-01-01T12:00:00Z,-26.51077183,95.625,1.1271362
2050-01-01T12:00:00Z,-26.51077183,98.4375,1.1746216
2050-01-01T12:00:00Z,-26.51077183,101.25,1.2351074
2050-01-01T12:00:00Z,-26.51077183,104.0625,1.2416382
2050-01-01T12:00:00Z,-26.51077183,106.875,1.1679077
2050-01-01T12:00:00Z,-26.51077183,109.6875,1.2052002
2050-01-01T12:00:00Z,-26.51077183,112.5,1.1878967
2050-01-01T12:00:00Z,-26.51077183,115.3125,1.7847595
2050-01-01T12:00:00Z,-26.51077183,118.125,1.9775391
2050-01-01T12:00:00Z,-26.51077183,120.9375,2.1037598
2050-01-01T12:00:00Z,-26.51077183,123.75,2.4100952
2050-01-01T12:00:00Z,-26.51077183,126.5625,2.4134827
2050-01-01T12:00:00Z,-26.51077183,129.375,2.1593933
2050-01-01T12:00:00Z,-26.51077183,132.1875,2.166504
2050-01-01T12:00:00Z,-26.51077183,135.0,2.1191711
2050-01-01T12:00:00Z,-26.51077183,137.8125,2.1221924
2050-01-01T12:00:00Z,-26.51077183,140.625,2.0977783
2050-01-01T12:00:00Z,-26.51077183,143.4375,2.1124878
2050-01-01T12:00:00Z,-26.51077183,146.25,2.0325623
2050-01-01T12:00:00Z,-26.51077183,149.0625,1.5479431
2050-01-01T12:00:00Z,-26.51077183,151.875,1.7738953
2050-01-01T12:00:00Z,-26.51077183,154.6875,1.3735962
2050-01-01T12:00:00Z,-26.51077183,157.5,1.3544922
2050-01-01T12:00:00Z,-26.51077183,160.3125,1.3227539
2050-01-01T12:00:00Z,-26.51077183,163.125,1.2918091
2050-01-01T12:00:00Z,-26.51077183,165.9375,1.2910461
2050-01-01T12:00:00Z,-26.51077183,168.75,1.2735596
2050-01-01T12:00:00Z,-26.51077183,171.5625,1.2333374
2050-01-01T12:00:00Z,-26.51077183,174.375,1.2015381
2050-01-01T12:00:00Z,-26.51077183,177.1875,1.1635437
2050-01-01T12:00:00Z,-26.51077183,180.0,1.1013489
2050-01-01T12:00:00Z,-23.72017644,90.0,1.2617493
2050-01-01T12:00:00Z,-23.72017644,92.8125,1.2525024
2050-01-01T12:00:00Z,-23.72017644,95.625,1.2792664
2050-01-01T12:00:00Z,-23.72017644,98.4375,1.2784729
2050-01-01T12:00:00Z,-23.72017644,101.25,1.2621155
2050-01-01T12:00:00Z,-23.72017644,104.0625,1.2122192
2050-01-01T12:00:00Z,-23.72017644,106.875,1.1741943
2050-01-01T12:00:00Z,-23.72017644,109.6875,1.2286072
2050-01-01T12:00:00Z,-23.72017644,112.5,1.2558289
2050-01-01T12:00:00Z,-23.72017644,115.3125,1.9838867
2050-01-01T12:00:00Z,-23.72017644,118.125,2.298645
2050-01-01T12:00:00Z,-23.72017644,120.9375,2.5091248
2050-01-01T12:00:00Z,-23.72017644,123.75,2.661377
2050-01-01T12:00:00Z,-23.72017644,126.5625,2.4804688
2050-01-01T12:00:00Z,-23.72017644,129.375,2.3085022
2050-01-01T12:00:00Z,-23.72017644,132.1875,2.3508606
2050-01-01T12:00:00Z,-23.72017644,135.0,2.2792358
2050-01-01T12:00:00Z,-23.72017644,137.8125,2.2902527
2050-01-01T12:00:00Z,-23.72017644,140.625,2.3698425
2050-01-01T12:00:00Z,-23.72017644,143.4375,2.4750977
2050-01-01T12:00:00Z,-23.72017644,146.25,2.3709717
2050-01-01T12:00:00Z,-23.72017644,149.0625,2.0379639
2050-01-01T12:00:00Z,-23.72017644,151.875,1.3552551
2050-01-01T12:00:00Z,-23.72017644,154.6875,1.3376465
2050-01-01T12:00:00Z,-23.72017644,157.5,1.3515015
2050-01-01T12:00:00Z,-23.72017644,160.3125,1.296936
2050-01-01T12:00:00Z,-23.72017644,163.125,1.253479
2050-01-01T12:00:00Z,-23.72017644,165.9375,1.2235413
2050-01-01T12:00:00Z,-23.72017644,168.75,1.1964111
2050-01-01T12:00:00Z,-23.72017644,171.5625,1.1412048
2050-01-01T12:00:00Z,-23.72017644,174.375,1.1206665
2050-01-01T12:00:00Z,-23.72017644,177.1875,1.0818176
2050-01-01T12:00:00Z,-23.72017644,180.0,1.0188293
2050-01-01T12:00:00Z,-20.92957676,90.0,1.3585815
2050-01-01T12:00:00Z,-20.92957676,92.8125,1.363678
2050-01-01T12:00:00Z,-20.92957676,95.625,1.3403625
2050-01-01T12:00:00Z,-20.92957676,98.4375,1.2919006
2050-01-01T12:00:00Z,-20.92957676,101.25,1.269867
2050-01-01T12:00:00Z,-20.92957676,104.0625,1.2572327
2050-01-01T12:00:00Z,-20.92957676,106.875,1.2718811
2050-01-01T12:00:00Z,-20.92957676,109.6875,1.2882996
2050-01-01T12:00:00Z,-20.92957676,112.5,1.3241882
2050-01-01T12:00:00Z,-20.92957676,115.3125,1.4849548
2050-01-01T12:00:00Z,-20.92957676,118.125,2.0687256
2050-01-01T12:00:00Z,-20.92957676,120.9375,2.5123901
2050-01-01T12:00:00Z,-20.92957676,123.75,2.7850952
2050-01-01T12:00:00Z,-20.92957676,126.5625,2.5862732
2050-01-01T12:00:00Z,-20.92957676,129.375,2.3379517
2050-01-01T12:00:00Z,-20.92957676,132.1875,2.4808044
2050-01-01T12:00:00Z,-20.92957676,135.0,2.4765625
2050-01-01T12:00:00Z,-20.92957676,137.8125,2.490265
2050-01-01T12:00:00Z,-20.92957676,140.625,2.4512634
2050-01-01T12:00:00Z,-20.92957676,143.4375,2.2521057
2050-01-01T12:00:00Z,-20.92957676,146.25,2.29599
2050-01-01T12:00:00Z,-20.92957676,149.0625,2.0252686
2050-01-01T12:00:00Z,-20.92957676,151.875,1.2578735
2050-01-01T12:00:00Z,-20.92957676,154.6875,1.2634583
2050-01-01T12:00:00Z,-20.92957676,157.5,1.2567139
2050-01-01T12:00:00Z,-20.92957676,160.3125,1.237915
2050-01-01T12:00:00Z,-20.92957676,163.125,1.2068787
2050-01-01T12:00:00Z,-20.92957676,165.9375,1.1643066
2050-01-01T12:00:00Z,-20.92957676,168.75,1.159668
2050-01-01T12:00:00Z,-20.92957676,171.5625,1.1690979
2050-01-01T12:00:00Z,-20.92957676,174.375,1.1391907
2050-01-01T12:00:00Z,-20.92957676,177.1875,1.0781555
2050-01-01T12:00:00Z,-20.92957676,180.0,1.0201721
2050-01-01T12:00:00Z,-18.13897349,90.0,1.4183655
2050-01-01T12:00:00Z,-18.13897349,92.8125,1.383728
2050-01-01T12:00:00Z,-18.13897349,95.625,1.3052979
2050-01-01T12:00:00Z,-18.13897349,98.4375,1.2436829
2050-01-01T12:00:00Z,-18.13897349,101.25,1.2443848
2050-01-01T12:00:00Z,-18.13897349,104.0625,1.2780151
2050-01-01T12:00:00Z,-18.13897349,106.875,1.2831726
2050-01-01T12:00:00Z,-18.13897349,109.6875,1.2900085
2050-01-01T12:00:00Z,-18.13897349,112.5,1.2695007
2050-01-01T12:00:00Z,-18.13897349,115.3125,1.2989197
2050-01-01T12:00:00Z,-18.13897349,118.125,1.2781982
2050-01-01T12:00:00Z,-18.13897349,120.9375,1.1642761
2050-01-01T12:00:00Z,-18.13897349,123.75,2.2522583
2050-01-01T12:00:00Z,-18.13897349,126.5625,2.3407593
2050-01-01T12:00:00Z,-18.13897349,129.375,2.3260803
2050-01-01T12:00:00Z,-18.13897349,132.1875,2.3958435
2050-01-01T12:00:00Z,-18.13897349,135.0,2.359314
2050-01-01T12:00:00Z,-18.13897349,137.8125,2.3244324
2050-01-01T12:00:00Z,-18.13897349,140.625,2.2129822
2050-01-01T12:00:00Z,-18.13897349,143.4375,1.7947083
2050-01-01T12:00:00Z,-18.13897349,146.25,1.6854858
2050-01-01T12:00:00Z,-18.13897349,149.0625,1.2735901
2050-01-01T12:00:00Z,-18.13897349,151.875,1.2792053
2050-01-01T12:00:00Z,-18.13897349,154.6875,1.3178711
2050-01-01T12:00:00Z,-18.13897349,157.5,1.301239
2050-01-01T12:00:00Z,-18.13897349,160.3125,1.2824402
2050-01-01T12:00:00Z,-18.13897349,163.125,1.2623901
2050-01-01T12:00:00Z,-18.13897349,165.9375,1.2508545
2050-01-01T12:00:00Z,-18.13897349,168.75,1.2677612
2050-01-01T12:00:00Z,-18.13897349,171.5625,1.2654419
2050-01-01T12:00:00Z,-18.13897349,174.375,1.2117004
2050-01-01T12:00:00Z,-18.13897349,177.1875,1.1483765
2050-01-01T12:00:00Z,-18.13897349,180.0,1.1094971
2050-01-01T12:00:00Z,-15.34836726,90.0,1.4003296
2050-01-01T12:00:00Z,-15.34836726,92.8125,1.3554382
2050-01-01T12:00:00Z,-15.34836726,95.625,1.3099365
2050-01-01T12:00:00Z,-15.34836726,98.4375,1.2568665
2050-01-01T12:00:00Z,-15.34836726,101.25,1.2618713
2050-01-01T12:00:00Z,-15.34836726,104.0625,1.2691956
2050-01-01T12:00:00Z,-15.34836726,106.875,1.2493896
2050-01-01T12:00:00Z,-15.34836726,109.6875,1.2534485
2050-01-01T12:00:00Z,-15.34836726,112.5,1.2272034
2050-01-01T12:00:00Z,-15.34836726,115.3125,1.223175
2050-01-01T12:00:00Z,-15.34836726,118.125,1.2289734
2050-01-01T12:00:00Z,-15.34836726,120.9375,1.2770386
2050-01-01T12:00:00Z,-15.34836726,123.75,1.6157837
2050-01-01T12:00:00Z,-15.34836726,126.5625,2.2766724
2050-01-01T12:00:00Z,-15.34836726,129.375,2.216278
2050-01-01T12:00:00Z,-15.34836726,132.1875,2.151001
2050-01-01T12:00:00Z,-15.34836726,135.0,2.07135
2050-01-01T12:00:00Z,-15.34836726,137.8125,1.3943176
2050-01-01T12:00:00Z,-15.34836726,140.625,1.3187866
2050-01-01T12:00:00Z,-15.34836726,143.4375,1.6786499
2050-01-01T12:00:00Z,-15.34836726,146.25,1.2686157
2050-01-01T12:00:00Z,-15.34836726,149.0625,1.3457336
2050-01-01T12:00:00Z,-15.34836726,151.875,1.3905334
2050-01-01T12:00:00Z,-15.34836726,154.6875,1.3873291
2050-01-01T12:00:00Z,-15.34836726,157.5,1.3605042
2050-01-01T12:00:00Z,-15.34836726,160.3125,1.3572083
2050-01-01T12:00:00Z,-15.34836726,163.125,1.3558044
2050-01-01T12:00:00Z,-15.34836726,165.9375,1.374939
2050-01-01T12:00:00Z,-15.34836726,168.75,1.3529663
2050-01-01T12:00:00Z,-15.34836726,171.5625,1.2941589
2050-01-01T12:00:00Z,-15.34836726,174.375,1.2513733
2050-01-01T12:00:00Z,-15.34836726,177.1875,1.2358398
2050-01-01T12:00:00Z,-15.34836726,180.0,1.2050171
2050-01-01T12:00:00Z,-12.55775862,90.0,1.3857422
2050-01-01T12:00:00Z,-12.55775862,92.8125,1.3686218
2050-01-01T12:00:00Z,-12.55775862,95.625,1.3020935
2050-01-01T12:00:00Z,-12.55775862,98.4375,1.2637024
2050-01-01T12:00:00Z,-12.55775862,101.25,1.2654114
2050-01-01T12:00:00Z,-12.55775862,104.0625,1.2644348
2050-01-01T12:00:00Z,-12.55775862,106.875,1.2544556
2050-01-01T12:00:00Z,-12.55775862,109.6875,1.2531433
2050-01-01T12:00:00Z,-12.55775862,112.5,1.2298584
2050-01-01T12:00:00Z,-12.55775862,115.3125,1.2548523
2050-01-01T12:00:00Z,-12.55775862,118.125,1.241394
2050-01-01T12:00:00Z,-12.55775862,120.9375,1.2680664
2050-01-01T12:00:00Z,-12.55775862,123.75,1.3334961
2050-01-01T12:00:00Z,-12.55775862,126.5625,1.4501038
2050-01-01T12:00:00Z,-12.55775862,129.375,1.4870911
2050-01-01T12:00:00Z,-12.55775862,132.1875,1.6626282
2050-01-01T12:00:00Z,-12.55775862,135.0,1.3353882
2050-01-01T12:00:00Z,-12.55775862,137.8125,1.2648926
2050-01-01T12:00:00Z,-12.55775862,140.625,1.247345
2050-01-01T12:00:00Z,-12.55775862,143.4375,1.7026672
2050-01-01T12:00:00Z,-12.55775862,146.25,1.339508
2050-01-01T12:00:00Z,-12.55775862,149.0625,1.4709778
2050-01-01T12:00:00Z,-12.55775862,151.875,1.4716492
2050-01-01T12:00:00Z,-12.55775862,154.6875,1.4183044
2050-01-01T12:00:00Z,-12.55775862,157.5,1.4000244
2050-01-01T12:00:00Z,-12.55775862,160.3125,1.3643799
2050-01-01T12:00:00Z,-12.55775862,163.125,1.3442688
2050-01-01T12:00:00Z,-12.55775862,165.9375,1.3192444
2050-01-01T12:00:00Z,-12.55775862,168.75,1.2739258
2050-01-01T12:00:00Z,-12.55775862,171.5625,1.2373962
2050-01-01T12:00:00Z,-12.55775862,174.375,1.1983337
2050-01-01T12:00:00Z,-12.55775862,177.1875,1.1777344
2050-01-01T12:00:00Z,-12.55775862,180.0,1.1607056
2050-01-01T12:00:00Z,-9.76714806,90.0,1.3439941
2050-01-01T12:00:00Z,-9.76714806,92.8125,1.3669128
2050-01-01T12:00:00Z,-9.76714806,95.625,1.3323059
2050-01-01T12:00:00Z,-9.76714806,98.4375,1.256012
2050-01-01T12:00:00Z,-9.76714806,101.25,1.1706848
2050-01-01T12:00:00Z,-9.76714806,104.0625,1.1647339
2050-01-01T12:00:00Z,-9.76714806,106.875,1.2157898
2050-01-01T12:00:00Z,-9.76714806,109.6875,1.2780457
2050-01-01T12:00:00Z,-9.76714806,112.5,1.2493591
2050-01-01T12:00:00Z,-9.76714806,115.3125,1.2553406
2050-01-01T12:00:00Z,-9.76714806,118.125,1.2492065
2050-01-01T12:00:00Z,-9.76714806,120.9375,1.2518616
2050-01-01T12:00:00Z,-9.76714806,123.75,1.2848816
2050-01-01T12:00:00Z,-9.76714806,126.5625,1.3049622
2050-01-01T12:00:00Z,-9.76714806,129.375,1.2999878
2050-01-01T12:00:00Z,-9.76714806,132.1875,1.3096008
2050-01-01T12:00:00Z,-9.76714806,135.0,1.2666016
2050-01-01T12:00:00Z,-9.76714806,137.8125,1.2713623
2050-01-01T12:00:00Z,-9.76714806,140.625,1.3728943
2050-01-01T12:00:00Z,-9.76714806,143.4375,1.8129883
2050-01-01T12:00:00Z,-9.76714806,146.25,1.2832031
2050-01-01T12:00:00Z,-9.76714806,149.0625,1.3926697
2050-01-01T12:00:00Z,-9.76714806,151.875,1.4229431
2050-01-01T12:00:00Z,-9.76714806,154.6875,1.3467102
2050-01-01T12:00:00Z,-9.76714806,157.5,1.3229065
2050-01-01T12:00:00Z,-9.76714806,160.3125,1.3016663
2050-01-01T12:00:00Z,-9.76714806,163.125,1.2979736
2050-01-01T12:00:00Z,-9.76714806,165.9375,1.3168335
2050-01-01T12:00:00Z,-9.76714806,168.75,1.3074341
2050-01-01T12:00:00Z,-9.76714806,171.5625,1.2606201
2050-01-01T12:00:00Z,-9.76714806,174.375,1.2266846
2050-01-01T12:00:00Z,-9.76714806,177.1875,1.2025757
2050-01-01T12:00:00Z,-9.76714806,180.0,1.1741028
2050-01-01T12:00:00Z,-6.97653606,90.0,1.386322
2050-01-01T12:00:00Z,-6.97653606,92.8125,1.3659668
2050-01-01T12:00:00Z,-6.97653606,95.625,1.3618164
2050-01-01T12:00:00Z,-6.97653606,98.4375,1.2818604
2050-01-01T12:00:00Z,-6.97653606,101.25,1.1875916
2050-01-01T12:00:00Z,-6.97653606,104.0625,1.2921448
2050-01-01T12:00:00Z,-6.97653606,106.875,1.6848755
2050-01-01T12:00:00Z,-6.97653606,109.6875,1.3273926
2050-01-01T12:00:00Z,-6.97653606,112.5,1.2641296
2050-01-01T12:00:00Z,-6.97653606,115.3125,1.1989136
2050-01-01T12:00:00Z,-6.97653606,118.125,1.1827698
2050-01-01T12:00:00Z,-6.97653606,120.9375,1.2281799
2050-01-01T12:00:00Z,-6.97653606,123.75,1.272522
2050-01-01T12:00:00Z,-6.97653606,126.5625,1.2449646
2050-01-01T12:00:00Z,-6.97653606,129.375,1.2038879
2050-01-01T12:00:00Z,-6.97653606,132.1875,1.1981201
2050-01-01T12:00:00Z,-6.97653606,135.0,1.224884
2050-01-01T12:00:00Z,-6.97653606,137.8125,1.3166199
2050-01-01T12:00:00Z,-6.97653606,140.625,1.8562622
2050-01-01T12:00:00Z,-6.97653606,143.4375,1.7977905
2050-01-01T12:00:00Z,-6.97653606,146.25,1.5786743
2050-01-01T12:00:00Z,-6.97653606,149.0625,1.1663513
2050-01-01T12:00:00Z,-6.97653606,151.875,1.2576904
2050-01-01T12:00:00Z,-6.97653606,154.6875,1.2772217
2050-01-01T12:00:00Z,-6.97653606,157.5,1.3312683
2050-01-01T12:00:00Z,-6.97653606,160.3125,1.3647766
2050-01-01T12:00:00Z,-6.97653606,163.125,1.343811
2050-01-01T12:00:00Z,-6.97653606,165.9375,1.3276978
2050-01-01T12:00:00Z,-6.97653606,168.75,1.3053589
2050-01-01T12:00:00Z,-6.97653606,171.5625,1.3001709
2050-01-01T12:00:00Z,-6.97653606,174.375,1.2565308
2050-01-01T12:00:00Z,-6.97653606,177.1875,1.2484741
2050-01-01T12:00:00Z,-6.97653606,180.0,1.2417297
2050-01-01T12:00:00Z,-4.18592304,90.0,1.388031
2050-01-01T12:00:00Z,-4.18592304,92.8125,1.3512878
2050-01-01T12:00:00Z,-4.18592304,95.625,1.3100281
2050-01-01T12:00:00Z,-4.18592304,98.4375,1.2810059
2050-01-01T12:00:00Z,-4.18592304,101.25,1.3454285
2050-01-01T12:00:00Z,-4.18592304,104.0625,2.0988464
2050-01-01T12:00:00Z,-4.18592304,106.875,2.0452576
2050-01-01T12:00:00Z,-4.18592304,109.6875,1.2875671
2050-01-01T12:00:00Z,-4.18592304,112.5,1.2640991
2050-01-01T12:00:00Z,-4.18592304,115.3125,1.2367859
2050-01-01T12:00:00Z,-4.18592304,118.125,1.1629944
2050-01-01T12:00:00Z,-4.18592304,120.9375,1.5369568
2050-01-01T12:00:00Z,-4.18592304,123.75,1.2890625
2050-01-01T12:00:00Z,-4.18592304,126.5625,1.2662354
2050-01-01T12:00:00Z,-4.18592304,129.375,1.228241
2050-01-01T12:00:00Z,-4.18592304,132.1875,1.1725159
2050-01-01T12:00:00Z,-4.18592304,135.0,1.4935608
2050-01-01T12:00:00Z,-4.18592304,137.8125,1.5631714
2050-01-01T12:00:00Z,-4.18592304,140.625,1.849762
2050-01-01T12:00:00Z,-4.18592304,143.4375,2.123169
2050-01-01T12:00:00Z,-4.18592304,146.25,1.718689
2050-01-01T12:00:00Z,-4.18592304,149.0625,1.1298218
2050-01-01T12:00:00Z,-4.18592304,151.875,1.2807922
2050-01-01T12:00:00Z,-4.18592304,154.6875,1.3198547
2050-01-01T12:00:00Z,-4.18592304,157.5,1.2982483
2050-01-01T12:00:00Z,-4.18592304,160.3125,1.2849731
2050-01-01T12:00:00Z,-4.18592304,163.125,1.2583313
2050-01-01T12:00:00Z,-4.18592304,165.9375,1.1912537
2050-01-01T12:00:00Z,-4.18592304,168.75,1.1806335
2050-01-01T12:00:00Z,-4.18592304,171.5625,1.1448059
2050-01-01T12:00:00Z,-4.18592304,174.375,1.1204834
2050-01-01T12:00:00Z,-4.18592304,177.1875,1.1260986
2050-01-01T12:00:00Z,-4.18592304,180.0,1.1394348
2050-01-01T12:00:00Z,-1.39530942,90.0,1.406189
2050-01-01T12:00:00Z,-1.39530942,92.8125,1.3990784
2050-01-01T12:00:00Z,-1.39530942,95.625,1.3348389
2050-01-01T12:00:00Z,-1.39530942,98.4375,1.2922668
2050-01-01T12:00:00Z,-1.39530942,101.25,1.8788452
2050-01-01T12:00:00Z,-1.39530942,104.0625,1.8886719
2050-01-01T12:00:00Z,-1.39530942,106.875,1.927124
2050-01-01T12:00:00Z,-1.39530942,109.6875,1.7684631
2050-01-01T12:00:00Z,-1.39530942,112.5,1.683136
2050-01-01T12:00:00Z,-1.39530942,115.3125,1.825592
2050-01-01T12:00:00Z,-1.39530942,118.125,1.9767456
2050-01-01T12:00:00Z,-1.39530942,120.9375,1.55896
2050-01-01T12:00:00Z,-1.39530942,123.75,1.2520752
2050-01-01T12:00:00Z,-1.39530942,126.5625,1.2589417
2050-01-01T12:00:00Z,-1.39530942,129.375,1.2085876
2050-01-01T12:00:00Z,-1.39530942,132.1875,1.5867004
2050-01-01T12:00:00Z,-1.39530942,135.0,1.5093689
2050-01-01T12:00:00Z,-1.39530942,137.8125,1.6402283
2050-01-01T12:00:00Z,-1.39530942,140.625,1.3026123
2050-01-01T12:00:00Z,-1.39530942,143.4375,1.3675537
2050-01-01T12:00:00Z,-1.39530942,146.25,1.2369385
2050-01-01T12:00:00Z,-1.39530942,149.0625,1.1244202
2050-01-01T12:00:00Z,-1.39530942,151.875,1.32547
2050-01-01T12:00:00Z,-1.39530942,154.6875,1.3294067
2050-01-01T12:00:00Z,-1.39530942,157.5,1.3613281
2050-01-01T12:00:00Z,-1.39530942,160.3125,1.4160156
2050-01-01T12:00:00Z,-1.39530942,163.125,1.387146
2050-01-01T12:00:00Z,-1.39530942,165.9375,1.4147644
2050-01-01T12:00:00Z,-1.39530942,168.75,1.4028931
2050-01-01T12:00:00Z,-1.39530942,171.5625,1.3817749
2050-01-01T12:00:00Z,-1.39530942,174.375,1.3954773
2050-01-01T12:00:00Z,-1.39530942,177.1875,1.4016113
2050-01-01T12:00:00Z,-1.39530942,180.0,1.3882141
2050-01-01T12:00:00Z,1.39530942,90.0,1.4832764
2050-01-01T12:00:00Z,1.39530942,92.8125,1.4523315
2050-01-01T12:00:00Z,1.39530942,95.625,1.3570862
2050-01-01T12:00:00Z,1.39530942,98.4375,2.0178223
2050-01-01T12:00:00Z,1.39530942,101.25,1.6855469
2050-01-01T12:00:00Z,1.39530942,104.0625,1.763855
2050-01-01T12:00:00Z,1.39530942,106.875,1.822998
2050-01-01T12:00:00Z,1.39530942,109.6875,1.7395935
2050-01-01T12:00:00Z,1.39530942,112.5,1.8168945
2050-01-01T12:00:00Z,1.39530942,115.3125,1.5299988
2050-01-01T12:00:00Z,1.39530942,118.125,1.2886963
2050-01-01T12:00:00Z,1.39530942,120.9375,1.1542358
2050-01-01T12:00:00Z,1.39530942,123.75,1.186676
2050-01-01T12:00:00Z,1.39530942,126.5625,1.2217407
2050-01-01T12:00:00Z,1.39530942,129.375,1.2086487
2050-01-01T12:00:00Z,1.39530942,132.1875,1.2228699
2050-01-01T12:00:00Z,1.39530942,135.0,1.2738647
2050-01-01T12:00:00Z,1.39530942,137.8125,1.2785645
2050-01-01T12:00:00Z,1.39530942,140.625,1.2809753
2050-01-01T12:00:00Z,1.39530942,143.4375,1.2204285
2050-01-01T12:00:00Z,1.39530942,146.25,1.18219
2050-01-01T12:00:00Z,1.39530942,149.0625,1.2232361
2050-01-01T12:00:00Z,1.39530942,151.875,1.3099976
2050-01-01T12:00:00Z,1.39530942,154.6875,1.3066101
2050-01-01T12:00:00Z,1.39530942,157.5,1.3183899
2050-01-01T12:00:00Z,1.39530942,160.3125,1.3349609
2050-01-01T12:00:00Z,1.39530942,163.125,1.3406067
2050-01-01T12:00:00Z,1.39530942,165.9375,1.3600769
2050-01-01T12:00:00Z,1.39530942,168.75,1.3389893
2050-01-01T12:00:00Z,1.39530942,171.5625,1.3446655
2050-01-01T12:00:00Z,1.39530942,174.375,1.3450623
2050-01-01T12:00:00Z,1.39530942,177.1875,1.342041
2050-01-01T12:00:00Z,1.39530942,180.0,1.3468628
